"student","social","gender","take_exam","Fi","CBi","Vi","MApi","PApi","total_time","total_activity","qp_time","wa_time","qp_activity","wa_activity","total_time_be","total_activity_be","pretest","posttest","exam_norm","lgain_pp","lgain_pe"
"user0003","individual","male","no",0.5,0.4,0.87,0.33,0,37,1,37,0,1,0,37,1,0.27,NA,-1,NA,NA
"user0004","individual","male","yes",0.42,0.4,0.47,0.44,0.67,837,35,549,288,11,24,161,13,0,0.73,0.9,0.73,0.9
"user0005","individual","male","yes",0.75,0.8,1,0.89,0.33,35,4,19,16,1,3,35,4,0.64,1,0.9,1,0.722222222222222
"user0006","individual","male","yes",0.58,0.05,0.8,0.67,0.56,0,0,0,0,0,0,0,0,0.09,NA,0.71,NA,0.681318681318681
"user0007","individual","male","yes",0.58,0.15,0.67,0.67,0.67,0,0,0,0,0,0,0,0,0.09,1,0.81,1,0.791208791208791
"user0008","individual","male","yes",0.67,0.7,0.67,0.89,0.33,12859,830,7540,5319,106,724,4857,334,0.45,0.64,1,0.345454545454545,1
"user0009","individual","male","yes",0.58,0.65,0.8,0.78,0,3874,731,2646,1228,99,632,952,93,0.09,NA,0.88,NA,0.868131868131868
"user0010","individual","male","yes",0.83,0.85,0.67,0.83,0.89,1793,110,821,972,23,87,1793,110,0.18,NA,0.85,NA,0.817073170731707
"user0011","individual","male","yes",0.58,0.45,0.67,0.61,0.22,3201,263,1377,1824,27,236,3201,263,0.27,0.82,0.87,0.753424657534246,0.821917808219178
"user0012","individual","male","yes",0.42,0.3,0.4,0.67,0.67,0,0,0,0,0,0,0,0,0.18,0.36,0.33,0.219512195121951,0.182926829268293
"user0013","individual","male","no",0.33,0.55,0.53,0.67,0.5,0,0,0,0,0,0,0,0,0.09,NA,-1,NA,NA
"user0015","individual","male","yes",0.58,0.85,0.73,0.78,0.83,0,0,0,0,0,0,0,0,0.27,NA,0.85,NA,0.794520547945205
"user0016","individual","male","yes",1,0.9,0.93,0.89,0.61,0,0,0,0,0,0,0,0,0.18,NA,0.6,NA,0.512195121951219
"user0017","individual","female","yes",0.33,0.35,0.6,0.56,0.17,1710,137,1210,500,27,110,1710,137,0.09,0.73,0.91,0.703296703296703,0.901098901098901
"user0018","individual","male","yes",0.5,0.35,0.87,0.78,0.56,0,0,0,0,0,0,0,0,0.09,0.27,0.84,0.197802197802198,0.824175824175824
"user0019","individual","female","no",0.67,0.6,0.67,0.72,0.67,622,50,393,229,9,41,622,50,0.55,NA,-1,NA,NA
"user0020","individual","male","yes",0.58,0.6,0.73,0.67,0.33,8149,747,5472,2677,129,618,8149,747,0.27,0.91,0.93,0.876712328767123,0.904109589041096
"user0021","individual","male","yes",0.67,0.65,1,0.94,0.83,0,0,0,0,0,0,0,0,0.18,NA,0.93,NA,0.914634146341463
"user0022","individual","male","yes",0.33,0.2,0.93,0.5,0,16882,559,10537,6345,160,399,1254,27,0.27,0.55,0.52,0.383561643835616,0.342465753424658
"user0023","individual","female","yes",0.67,0.7,0.93,0.78,0.72,0,0,0,0,0,0,0,0,0.36,0.55,0.87,0.296875,0.796875
"user0024","social","male",NA,1,0.65,0.87,1,0.67,1706,185,1295,411,24,161,0,0,NA,NA,-1,NA,NA
"user0025","individual","male","yes",0.67,0.3,1,1,0,1953,125,1562,391,26,99,0,0,0.09,NA,0.69,NA,0.659340659340659
"user0026","individual","male","yes",0.83,0.5,0.67,0.67,0.67,2808,53,2797,11,50,3,51,1,0.09,0.55,0.91,0.505494505494506,0.901098901098901
"user0027","individual","male","yes",0.58,0.65,0.67,0.78,0.67,203,81,69,134,3,78,0,0,0.27,0.64,0.94,0.506849315068493,0.917808219178082
"user0028","individual","male","yes",0.58,0.5,1,0.72,0.44,0,0,0,0,0,0,0,0,0.27,NA,0.89,NA,0.849315068493151
"user0029","individual","male","yes",0.67,0.45,1,0.89,0.94,5037,381,1811,3226,33,348,3570,266,0.27,0.91,0.99,0.876712328767123,0.986301369863014
"user0030","individual","male","yes",0.42,0.5,0.73,0.5,0.39,843,154,574,269,20,134,843,154,0.09,0.82,0.7,0.802197802197802,0.67032967032967
"user0031","individual","male","no",0.58,0.25,0.67,0.67,0.67,0,0,0,0,0,0,0,0,0.36,NA,-1,NA,NA
"user0032","individual","male","yes",0.5,0.15,0.8,0.67,0.44,614,108,482,132,23,85,614,108,0.09,NA,0.65,NA,0.615384615384615
"user0033","individual","female","yes",0.67,0.4,0.87,0.61,0.78,0,0,0,0,0,0,0,0,0,0.09,0.75,0.09,0.75
"user0034","individual","male","yes",0.5,0.6,0.6,0.89,0.83,2460,94,2418,42,74,20,122,5,0.18,0.82,1,0.780487804878049,1
"user0035","individual","female","yes",0.33,0.55,0.6,0.5,0.5,123,10,99,24,2,8,123,10,0.36,0.36,0.58,0,0.34375
"user0036","individual","male","yes",0.92,0.75,0.73,0.89,0.67,5206,322,3962,1244,72,250,5206,322,0.18,0.91,1,0.890243902439024,1
"user0037","individual","male","yes",0.58,0.5,0.8,0.83,0.83,1302,113,1025,277,26,87,577,13,0,0.82,0.97,0.82,0.97
"user0038","individual","male","yes",0.33,0.3,0.53,0.5,0.61,0,0,0,0,0,0,0,0,0.09,0.18,0.51,0.0989010989010989,0.461538461538462
"user0039","individual","male","yes",0.5,0.7,0.73,0.94,1,0,0,0,0,0,0,0,0,0.64,0.18,0.82,-1.27777777777778,0.5
"user0040","individual","female","yes",0.42,0.1,0.27,0.44,0.44,0,0,0,0,0,0,0,0,0.27,0.91,0.96,0.876712328767123,0.945205479452055
"user0041","individual","male","yes",0.83,0.9,1,0.83,1,0,0,0,0,0,0,0,0,0.09,NA,0.57,NA,0.527472527472527
"user0042","individual","male","yes",0.25,0.45,0.53,0.56,0.17,8207,892,4685,3522,132,760,2712,353,0.09,1,0.87,1,0.857142857142857
"user0044","individual","female","yes",0.58,0.45,0.67,0.67,0.67,0,0,0,0,0,0,0,0,0.09,0,0.54,-0.0989010989010989,0.494505494505495
"user0045","social","male",NA,0.83,0.55,0.73,0.72,0.72,8836,1060,6746,2090,331,729,2006,268,NA,NA,-1,NA,NA
"user0046","individual","female","yes",0.5,0.45,0.6,0.5,0.44,0,0,0,0,0,0,0,0,0.09,0.82,0.95,0.802197802197802,0.945054945054945
"user0047","individual","male","yes",0.5,0.3,0.53,0.33,0.5,0,0,0,0,0,0,0,0,0.09,0.73,0.69,0.703296703296703,0.659340659340659
"user0048","individual","male","yes",0.33,0.35,0.73,0.56,0.5,0,0,0,0,0,0,0,0,0.09,0.09,0.46,0,0.406593406593407
"user0049","individual","male","yes",0.75,0.65,1,0.78,0.67,4238,489,2683,1555,76,413,2760,304,0.36,0.91,0.8,0.859375,0.6875
"user0050","individual","male","yes",0.33,0.45,0.47,0.44,0.56,4427,850,2483,1944,82,768,37,1,0.09,0.27,0.81,0.197802197802198,0.791208791208791
"user0051","individual","male","yes",0.58,0.25,0.6,0.72,0.94,415,11,415,0,11,0,0,0,0.09,0.64,0.91,0.604395604395604,0.901098901098901
"user0052","individual","male","yes",0.92,0.9,0.93,0.83,0.83,349,82,154,195,7,75,349,82,0.91,0.91,0.95,0,0.444444444444444
"user0053","individual","male","yes",0.5,0.55,0.73,0.83,0.5,1777,281,1374,403,35,246,137,3,0.18,0.91,0.9,0.890243902439024,0.878048780487805
"user0054","individual","female","yes",0.58,0.6,0.6,0.61,0.61,0,0,0,0,0,0,0,0,0.36,0.27,0.8,-0.140625,0.6875
"user0055","individual","male","yes",0.5,0.45,0.33,0.56,0.61,987,124,811,176,33,91,987,124,0.18,NA,0.66,NA,0.585365853658537
"user0056","individual","female","yes",0.58,0.55,0.47,0.72,0.78,2469,116,2240,229,59,57,1139,87,0,0.73,0.77,0.73,0.77
"user0057","individual","male","yes",0.67,0.8,0.8,0.72,0,0,0,0,0,0,0,0,0,0.64,0.73,0.71,0.25,0.194444444444444
"user0058","individual","male","yes",0.58,0.55,0.53,0.72,0.56,0,0,0,0,0,0,0,0,0.18,0.09,0.34,-0.109756097560976,0.195121951219512
"user0059","individual","male","yes",0.75,0.6,0.53,0.83,0,5438,441,4635,803,83,358,0,0,0.09,0.36,0.66,0.296703296703297,0.626373626373626
"user0060","individual","male","yes",0.5,0.6,0.67,0.56,0.67,123,5,116,7,4,1,0,0,0.18,0.91,0.95,0.890243902439024,0.939024390243902
"user0061","individual","male","yes",0.33,0,0.6,0.56,0.44,0,0,0,0,0,0,0,0,0.09,0.09,0.89,0,0.879120879120879
"user0062","individual","male","yes",0.33,0.65,0.8,0.72,0.83,559,88,428,131,13,75,559,88,0.45,0.64,0.94,0.345454545454545,0.890909090909091
"user0063","individual","male","yes",0.42,0.65,0.67,0.67,0.67,0,0,0,0,0,0,0,0,0.27,NA,0.8,NA,0.726027397260274
"user0064","individual",NA,"yes",NA,NA,NA,NA,NA,0,0,0,0,0,0,0,0,NA,0.82,0.68,NA,NA
"user0065","individual","male","yes",0.5,0.45,0.67,0.5,0.61,1225,238,864,361,35,203,820,197,0.09,NA,0.76,NA,0.736263736263736
"user0066","individual","male","yes",0.58,0.4,0.73,0.78,0.56,0,0,0,0,0,0,0,0,0.18,0.09,0.57,-0.109756097560976,0.475609756097561
"user0067","individual","male","yes",0.58,0.55,0.93,0.72,0.83,1392,176,864,528,28,148,0,0,0.45,0.45,0.95,0,0.909090909090909
"user0068","individual","male","yes",0.67,0.6,0.93,0.67,0.67,0,0,0,0,0,0,0,0,0.27,0.82,0.87,0.753424657534246,0.821917808219178
"user0069","individual","male","no",0.67,0.5,0.8,0.56,0.61,0,0,0,0,0,0,0,0,0.27,NA,-1,NA,NA
"user0070","individual","male","yes",0.5,0.7,0.93,1,0.56,26628,997,9738,16890,84,913,0,0,0.27,0.91,0.6,0.876712328767123,0.452054794520548
"user0071","individual","male","yes",0,0.25,0.33,0.5,0.5,0,0,0,0,0,0,0,0,0,0.27,0.74,0.27,0.74
"user0072","individual","female","yes",0.25,0.35,0.6,0.61,0.5,0,0,0,0,0,0,0,0,0.18,0.64,0.72,0.560975609756098,0.658536585365854
"user0073","individual","male","yes",0.58,0.3,0.67,0.78,0.39,0,0,0,0,0,0,0,0,0.09,0.09,0.85,0,0.835164835164835
"user0074","individual","male","no",0.25,0.6,0.6,0.06,0.06,0,0,0,0,0,0,0,0,0.18,NA,-1,NA,NA
"user0075","individual","male","yes",0.75,0.6,1,0.94,0.94,0,0,0,0,0,0,0,0,0.55,0.64,0.78,0.2,0.511111111111111
"user0076","individual","male","yes",0.5,0.75,0.67,0.83,0.67,0,0,0,0,0,0,0,0,0.45,0.82,0.84,0.672727272727273,0.709090909090909
"user0077","individual","male","yes",0.25,0.45,0.6,0.78,0.89,8243,83,8243,0,83,0,0,0,0.09,0.64,0.7,0.604395604395604,0.67032967032967
"user0078","individual",NA,"yes",NA,NA,NA,NA,NA,0,0,0,0,0,0,0,0,NA,1,0.98,NA,NA
"user0079","individual","male","yes",0.33,0.3,0.33,0.67,0.67,1541,294,1073,468,34,260,0,0,0.18,0.64,0.88,0.560975609756098,0.853658536585366
"user0080","individual","female","no",0.33,0.25,0.6,0.39,0.39,0,0,0,0,0,0,0,0,0.18,NA,-1,NA,NA
"user0081","individual","male","yes",0.5,0.75,0.93,0.83,0.61,0,0,0,0,0,0,0,0,0.18,0.91,0.91,0.890243902439024,0.890243902439024
"user0082","individual","male","yes",0.5,0.65,0.47,0.67,0.67,405,6,405,0,6,0,0,0,0.27,0.64,0.53,0.506849315068493,0.356164383561644
"user0083","individual","male","yes",0.5,0.65,0.8,0.61,0.83,0,0,0,0,0,0,0,0,0.09,0.82,0.89,0.802197802197802,0.879120879120879
"user0084","individual","female","yes",0.75,0.35,0.93,0.94,0.5,2020,265,1594,426,51,214,2020,265,0,NA,0.81,NA,0.81
"user0085","individual","male","no",0.42,0.6,0.67,0.67,0.44,31,2,31,0,2,0,31,2,0.45,NA,-1,NA,NA
"user0086","individual","male","yes",0.67,0.65,0.93,0.72,0.33,0,0,0,0,0,0,0,0,0.27,0.91,0.88,0.876712328767123,0.835616438356164
"user0088","individual",NA,"yes",NA,NA,NA,NA,NA,10004,1040,6640,3364,279,761,2747,201,NA,0.73,0.68,NA,NA
"user0089","individual",NA,"no",NA,NA,NA,NA,NA,0,0,0,0,0,0,0,0,NA,NA,-1,NA,NA
"user0091","social",NA,"yes",NA,NA,NA,NA,NA,0,0,0,0,0,0,0,0,NA,NA,0.29,NA,NA
"user0128","individual","male","no",0.42,0.45,0.6,0.78,0.67,1264,67,484,780,12,55,1264,67,0.09,NA,-1,NA,NA
"user0129","individual","male","yes",0.58,0.65,0.8,0.78,0.78,0,0,0,0,0,0,0,0,0.09,0.55,0.84,0.505494505494506,0.824175824175824
"user0130","individual","male","yes",0.58,0.7,0.93,1,0.5,471,56,402,69,20,36,0,0,0.18,0.91,0.89,0.890243902439024,0.865853658536585
"user0131","individual","male","yes",0.5,0.4,0.67,0.61,0.61,2616,236,1898,718,31,205,803,103,0.18,0.64,0.92,0.560975609756098,0.902439024390244
"user0132","individual","male","yes",0.67,0.5,0.8,0.83,0.61,1180,46,1104,76,27,19,0,0,0.18,0.91,1,0.890243902439024,1
"user0133","individual","male","yes",0.75,0.8,0.8,0.78,0.67,0,0,0,0,0,0,0,0,0.27,0.82,0.72,0.753424657534246,0.616438356164383
"user0134","individual","male","yes",0.5,0.5,0.67,0.5,0.5,0,0,0,0,0,0,0,0,0.09,NA,0.89,NA,0.879120879120879
"user0135","individual","male","yes",0.58,0.35,0.67,0.56,0.5,2358,97,2224,134,44,53,0,0,0.09,0.91,0.89,0.901098901098901,0.879120879120879
"user0136","individual","male","yes",0.67,0.3,0.67,0.44,0.5,232,9,216,16,6,3,232,9,0.09,0.55,0.84,0.505494505494506,0.824175824175824
"user0137","individual","male","yes",0.42,0.5,0.6,0.61,0.44,128,15,0,128,0,15,128,15,0.27,0.45,0.96,0.246575342465753,0.945205479452055
"user0138","individual","male","yes",0.58,0.75,0.73,0.89,0,4687,351,3810,877,81,270,4687,351,0.09,0.91,0.88,0.901098901098901,0.868131868131868
"user0139","individual","male","no",0.5,0.15,0.6,0.67,0.56,0,0,0,0,0,0,0,0,0.09,NA,-1,NA,NA
"user0140","individual","male","no",0.67,0.9,0.73,0.61,0,0,0,0,0,0,0,0,0,0.36,NA,-1,NA,NA
"user0141","individual","male","yes",0.67,0.65,0.73,0.83,1,2571,155,2283,288,37,118,2571,155,0.18,0.73,0.97,0.670731707317073,0.963414634146341
"user0142","individual","male","yes",0.5,0.7,0.6,0.83,0.83,63,4,63,0,4,0,0,0,0.09,0.09,0.94,0,0.934065934065934
"user0143","individual","male","yes",0.5,0.7,0.67,0.44,0.67,0,0,0,0,0,0,0,0,0.82,NA,0.91,NA,0.5
"user0144","individual","male","yes",0.58,0.6,0.93,0.94,0.61,0,0,0,0,0,0,0,0,0.27,NA,0.62,NA,0.479452054794521
"user0145","individual","male","yes",0.5,0.45,0.6,0.83,0.83,4567,610,2166,2401,80,530,2344,299,0,0.64,0.87,0.64,0.87
"user0146","individual","male","yes",0.5,0.45,0.67,0.67,0.5,65,2,65,0,2,0,0,0,0.09,0.55,0.8,0.505494505494506,0.78021978021978
"user0147","individual","male","no",0.83,0.6,0.8,0.89,0.67,0,0,0,0,0,0,0,0,0.64,NA,-1,NA,NA
"user0148","individual","female","no",0.58,0.6,0.93,0.89,0,0,0,0,0,0,0,0,0,0.36,NA,-1,NA,NA
"user0149","individual","female","yes",0.92,0.5,0.93,0.83,0.28,3637,180,3272,365,84,96,3637,180,0.18,0.55,0.69,0.451219512195122,0.621951219512195
"user0150","individual","male","yes",0.58,0.8,0.67,0.72,0.83,149,3,149,0,3,0,0,0,0.55,0.91,0.88,0.8,0.733333333333333
"user0151","individual","female","yes",0.42,0.4,0.33,0.78,0.61,4633,636,3683,950,125,511,3352,409,0.09,0.45,0.72,0.395604395604396,0.692307692307692
"user0152","individual","female","yes",0.5,0.5,0.8,0.78,0.67,2937,232,1418,1519,25,207,2130,190,0.27,0.91,0.97,0.876712328767123,0.958904109589041
"user0153","individual","male","yes",0.42,0.4,0.6,0.72,0.67,2560,179,2106,454,41,138,454,128,0.27,0.64,0.87,0.506849315068493,0.821917808219178
"user0154","individual","male","yes",0.58,0.65,0.6,0.72,0.72,10758,513,9670,1088,188,325,0,0,0.36,0.73,0.63,0.578125,0.421875
"user0155","individual","female","no",0.83,0.25,0.93,1,0.67,0,0,0,0,0,0,0,0,0.09,0.18,-1,0.0989010989010989,NA
"user0156","individual","male","yes",0.5,0.25,0.6,0.61,0.5,1336,141,1114,222,40,101,0,0,0.09,0.27,0.69,0.197802197802198,0.659340659340659
"user0157","individual","male","yes",0.67,0.5,0.67,0.72,0.61,0,0,0,0,0,0,0,0,0.45,0.64,0.89,0.345454545454545,0.8
"user0158","individual","male","yes",0.33,0.4,0.53,0.67,0.56,354,25,277,77,9,16,0,0,0.18,0.73,0.77,0.670731707317073,0.719512195121951
"user0159","individual","male","yes",0.33,0.8,0.47,0.44,0.22,0,0,0,0,0,0,0,0,0.27,1,1,1,1
"user0160","individual","male","yes",0.58,0.6,0.6,0.83,0.83,2441,455,1718,723,84,371,1130,233,0.27,0.36,0.95,0.123287671232877,0.931506849315068
"user0161","individual","male","yes",0.67,0.65,0.67,0.72,0.61,0,0,0,0,0,0,0,0,0.45,NA,0.53,NA,0.145454545454545
"user0162","individual","male","yes",0.5,0.65,0.67,0.89,0.94,0,0,0,0,0,0,0,0,0,NA,0.84,NA,0.84
"user0163","individual","male","yes",0.67,0.7,1,0.72,0.72,1341,119,1036,305,16,103,0,0,0.09,NA,0.98,NA,0.978021978021978
"user0164","individual","male","yes",0.5,0.35,0.6,1,0.94,6720,662,3015,3705,74,588,6720,662,0.18,0.73,0.99,0.670731707317073,0.98780487804878
"user0165","individual","male","yes",0.5,0.5,0.33,0.56,0.5,438,5,427,11,3,2,438,5,0,0,0.83,0,0.83
"user0166","individual","male","yes",0.83,0.35,0.93,0.83,0.83,5991,235,4842,1149,78,157,0,0,0.09,NA,0.87,NA,0.857142857142857
"user0167","individual","female","yes",0.75,0.75,0.67,0.78,0.67,4953,731,3563,1390,108,623,2152,360,1,0.73,0.99,-Inf,-Inf
"user0168","individual",NA,"no",NA,NA,NA,NA,NA,0,0,0,0,0,0,0,0,0,NA,-1,NA,NA
"user0169","individual","male","yes",0.67,0.95,1,1,1,155,3,155,0,3,0,155,3,0.18,NA,0.77,NA,0.719512195121951
"user0170","individual","male","yes",1,0.9,1,0.94,0.67,1281,173,439,842,14,159,1281,173,0.82,0.82,0.97,0,0.833333333333333
"user0171","individual","female","yes",0.67,0.8,0.8,0.78,0.5,4259,270,3644,615,47,223,2059,112,0.18,0.73,0.97,0.670731707317073,0.963414634146341
"user0172","individual","male","yes",0.58,0.65,0.73,0.78,0.5,0,0,0,0,0,0,0,0,0.27,0.73,0.95,0.63013698630137,0.931506849315068
"user0173","individual","male","yes",0.42,0.55,0.6,0.78,0.72,1211,164,877,334,22,142,929,81,0.18,1,0.65,1,0.573170731707317
"user0174","individual","male","yes",0.67,0.5,0.6,0.56,0.67,0,0,0,0,0,0,0,0,0.09,0.73,0.69,0.703296703296703,0.659340659340659
"user0175","individual","female","yes",0.42,0.5,0.53,0.61,0.72,0,0,0,0,0,0,0,0,0.18,0.45,0.8,0.329268292682927,0.75609756097561
"user0176","individual","male","yes",0.58,0.7,0.93,0.78,0.67,3438,644,2355,1083,186,458,3438,644,0.64,NA,0.76,NA,0.333333333333333
"user0177","individual","male","no",0.33,0.4,0.6,0.67,0.67,0,0,0,0,0,0,0,0,0,0.09,-1,0.09,NA
"user0178","individual","female","yes",0.58,0.5,0.67,0.67,0.5,4799,214,4111,688,76,138,0,0,0.09,0.18,0.73,0.0989010989010989,0.703296703296703
"user0179","individual","male","yes",0.58,0.45,0.87,0.5,0.39,770,100,639,131,15,85,0,0,0.09,0.45,0.84,0.395604395604396,0.824175824175824
"user0180","individual",NA,"no",NA,NA,NA,NA,NA,0,0,0,0,0,0,0,0,0.64,NA,-1,NA,NA
"user0181","individual","male","yes",0.58,0.6,0.67,0.78,0.67,711,197,401,310,16,181,188,17,0.55,NA,0.93,NA,0.844444444444445
"user0182","individual","male","yes",0.42,0.65,0.53,0.44,0.06,0,0,0,0,0,0,0,0,0.45,0.82,0.83,0.672727272727273,0.690909090909091
"user0183","individual","male","yes",0.5,0.4,0.53,0.78,0.67,727,89,568,159,8,81,727,89,0.18,NA,0.91,NA,0.890243902439024
"user0184","individual","male","no",0.83,1,0.93,0.5,0.67,0,0,0,0,0,0,0,0,0.73,NA,-1,NA,NA
"user0185","individual","male","yes",0.33,0.25,0.33,0.17,0.17,543,220,0,543,0,220,0,0,0.09,0.64,0.56,0.604395604395604,0.516483516483517
"user0186","individual",NA,"no",NA,NA,NA,NA,NA,0,0,0,0,0,0,0,0,NA,NA,-1,NA,NA
"user0187","individual","male","yes",0.58,0.4,0.67,0.67,0.72,0,0,0,0,0,0,0,0,0.09,NA,0.22,NA,0.142857142857143
"user0188","individual","female","yes",0.58,0.65,0.67,0.78,0.72,56,3,56,0,3,0,0,0,0.09,NA,0.48,NA,0.428571428571429
"user0189","individual","male","yes",0.67,0.75,0.73,0.72,0.67,1320,260,888,432,19,241,0,0,0.27,1,0.92,1,0.89041095890411
"user0190","individual","male","yes",0.33,0.5,0.53,0.17,0.11,0,0,0,0,0,0,0,0,0.18,NA,0.45,NA,0.329268292682927
"user0191","individual","female","yes",0.08,0.05,0.73,0.78,0.89,396,25,396,0,25,0,0,0,0.09,0.55,0.48,0.505494505494506,0.428571428571429
"user0192","individual","male","yes",0.67,0.75,0.73,0.72,0.67,67,6,0,67,0,6,0,0,0.09,0.55,0.7,0.505494505494506,0.67032967032967
"user0193","individual","female","yes",0.58,0.5,0.93,0.78,0.5,2114,45,2043,71,37,8,0,0,0,0.45,0.75,0.45,0.75
"user0194","individual","male","yes",0.5,0.3,0.4,0.61,0.22,0,0,0,0,0,0,0,0,0.18,0.55,0.85,0.451219512195122,0.817073170731707
"user0196","individual","male","yes",0.5,0.65,0.6,0.44,0.44,0,0,0,0,0,0,0,0,0.09,NA,0.63,NA,0.593406593406593
"user0197","individual","male","yes",0.92,0.7,1,0.89,0.61,478,62,346,132,17,45,0,0,1,0.82,0.8,-Inf,-Inf
"user0198","individual","male","no",0.58,0,0.8,0.89,0.56,0,0,0,0,0,0,0,0,0.09,NA,-1,NA,NA
"user0199","individual","male","yes",0.5,0.5,0.67,0.67,0.72,2703,196,1762,941,44,152,2703,196,0.27,0.45,0.99,0.246575342465753,0.986301369863014
"user0200","individual","male","yes",0.58,0.25,0.6,0.67,0.67,0,0,0,0,0,0,0,0,0.09,0.18,0.49,0.0989010989010989,0.43956043956044
"user0201","individual","male","yes",0.67,0.35,0.8,0.72,0.44,0,0,0,0,0,0,0,0,0.18,0.64,0.77,0.560975609756098,0.719512195121951
"user0202","individual","male","yes",0.5,0.55,0.73,0.61,0.61,0,0,0,0,0,0,0,0,0.18,0.55,0.63,0.451219512195122,0.548780487804878
"user0204","individual","male","yes",0.58,0.55,0.67,0.83,0.83,0,0,0,0,0,0,0,0,0,0.36,0.71,0.36,0.71
"user0205","individual","male","yes",0.58,0.45,0.67,0.56,0.44,2858,59,2793,65,47,12,0,0,0.18,0.82,0.85,0.780487804878049,0.817073170731707
"user0206","individual","female","no",0.75,0.7,0.67,0.83,0.83,129,22,63,66,4,18,129,22,0.18,NA,-1,NA,NA
"user0207","individual","male","no",0.83,0.45,0.87,0.67,0.28,0,0,0,0,0,0,0,0,0,NA,-1,NA,NA
"user0208","individual","male","yes",0.67,0.15,0.93,0.94,0,0,0,0,0,0,0,0,0,0.09,0.64,0.62,0.604395604395604,0.582417582417582
"user0209","individual","male","no",0.67,0.75,0.8,1,1,0,0,0,0,0,0,0,0,0.55,NA,-1,NA,NA
"user0210","individual","female","no",0.33,0.45,0.67,0.67,0.67,594,27,456,138,14,13,594,27,0.18,NA,-1,NA,NA
"user0211","individual","male","no",0.5,0.45,0.67,0.44,0.44,0,0,0,0,0,0,0,0,0.18,NA,-1,NA,NA
"user0212","individual",NA,"no",NA,NA,NA,NA,NA,0,0,0,0,0,0,0,0,NA,NA,-1,NA,NA
"user0213","individual",NA,"yes",NA,NA,NA,NA,NA,0,0,0,0,0,0,0,0,NA,0.55,0.84,NA,NA
"user0214","individual",NA,"no",NA,NA,NA,NA,NA,0,0,0,0,0,0,0,0,NA,NA,-1,NA,NA
"user0216","social",NA,NA,NA,NA,NA,NA,NA,0,0,0,0,0,0,0,0,NA,NA,-1,NA,NA
"user0253","individual","male","yes",0.58,0.7,0.67,0.56,0.44,66,6,54,12,4,2,0,0,0.09,0.18,0.58,0.0989010989010989,0.538461538461538
"user0254","individual","male","yes",0.83,0.85,0.93,0.94,0.5,3093,345,2249,844,44,301,3093,345,0.27,NA,0.98,NA,0.972602739726027
"user0255","individual","male","yes",0.67,0.65,0.8,0.67,0.28,3136,88,3079,57,72,16,3136,88,0.27,NA,0.81,NA,0.73972602739726
"user0256","individual","male","yes",0.58,0.7,0.6,0.83,0.78,0,0,0,0,0,0,0,0,0.09,0.73,0.68,0.703296703296703,0.648351648351648
"user0257","individual","male","yes",0.58,0,0.6,0.72,0.17,27,2,27,0,2,0,27,2,0.09,0.73,0.93,0.703296703296703,0.923076923076923
"user0258","individual","male","yes",0.5,0.55,0.8,0.94,0.67,0,0,0,0,0,0,0,0,0.27,1,0.94,1,0.917808219178082
"user0259","individual","male","yes",1,0.75,1,0.83,0.83,0,0,0,0,0,0,0,0,0.82,0.91,0.9,0.5,0.444444444444445
"user0260","individual",NA,"yes",NA,NA,NA,NA,NA,0,0,0,0,0,0,0,0,NA,NA,0.83,NA,NA
"user0261","individual","male","yes",0.58,0.55,0.73,0.83,0.56,0,0,0,0,0,0,0,0,1,0.73,1,-Inf,NA
"user0262","individual","male","yes",0.75,1,0.67,1,1,1011,195,665,346,26,169,1011,195,1,1,0.96,NA,-Inf
"user0263","individual","male","yes",0.67,0.55,0.53,0.56,0.61,81,26,0,81,0,26,0,0,0.09,0.09,0.5,0,0.450549450549451
"user0264","individual","female","yes",0.67,0.6,0.67,0.78,0.78,2026,165,1620,406,34,131,0,0,0.09,0.09,0.7,0,0.67032967032967
"user0265","individual","male","yes",0.5,0.55,0.67,0.72,0.61,621,36,489,132,18,18,279,17,0.18,0.27,0.89,0.109756097560976,0.865853658536585
"user0266","individual","male","yes",0.58,0.65,0.8,0.61,0.83,0,0,0,0,0,0,0,0,0.09,0.36,0.85,0.296703296703297,0.835164835164835
"user0267","individual","male","no",0.75,0.7,0.73,0.83,0.83,0,0,0,0,0,0,0,0,0.09,NA,-1,NA,NA
"user0268","individual","male","yes",1,0.6,1,0.94,0.61,1429,44,1429,0,44,0,1429,44,0.09,0.55,0.88,0.505494505494506,0.868131868131868
"user0269","individual","male","yes",0.33,0.65,0.53,0.44,0,0,0,0,0,0,0,0,0,0.27,0.36,0.62,0.123287671232877,0.479452054794521
"user0270","individual","male","yes",0.5,0.4,0.53,0.56,0.17,2666,272,1379,1287,31,241,2093,266,0.36,NA,0.87,NA,0.796875
"user0271","individual","male","yes",0.58,0.55,0.87,0.78,0.78,417,83,249,168,9,74,417,83,0.18,0.73,0.93,0.670731707317073,0.914634146341463
"user0272","individual","male","yes",0.67,0.35,0.67,0.61,0.56,3962,321,2944,1018,52,269,578,96,0.27,1,0.94,1,0.917808219178082
"user0273","individual","male","yes",0.5,0.15,0.53,0.56,0.61,1321,234,732,589,24,210,1321,234,0,0.55,0.93,0.55,0.93
"user0274","individual","male","yes",0.83,1,0.93,1,1,2236,453,1380,856,53,400,2236,453,1,0.91,0.99,-Inf,-Inf
"user0276","individual","female","yes",0.5,0.4,0.6,0.56,0.67,1806,237,999,807,25,212,1806,237,0.18,0.82,1,0.780487804878049,1
"user0277","individual","female","yes",0.5,0.25,0.67,0.44,0.17,1013,249,617,396,22,227,0,0,0.09,0.18,0.76,0.0989010989010989,0.736263736263736
"user0278","individual","female","yes",0.67,0.4,0.67,0.72,0.61,504,87,266,238,9,78,504,87,0,0.45,0.92,0.45,0.92
"user0279","individual","male","yes",0.58,0.3,0.67,0.72,0.67,400,29,282,118,10,19,400,29,0.27,0.55,0.96,0.383561643835616,0.945205479452055
"user0280","individual","male","yes",0.58,0.5,0.8,0.72,0.56,2161,285,628,1533,15,270,2161,285,0,NA,0.45,NA,0.45
"user0281","individual","female","yes",0.75,0.3,0.73,0.94,0.61,9755,311,5135,4620,57,254,9318,301,0.18,0.64,0.94,0.560975609756098,0.926829268292683
"user0282","individual","male","yes",0.42,0.5,0.6,0.56,0.67,10905,1011,8811,2094,197,814,0,0,0.18,0.55,0.69,0.451219512195122,0.621951219512195
"user0283","individual","male","yes",0.33,0.25,0.6,0.83,0.83,0,0,0,0,0,0,0,0,0.09,0.45,0.85,0.395604395604396,0.835164835164835
"user0284","individual","male","yes",0.58,0,0.67,0.89,0.83,0,0,0,0,0,0,0,0,0,0.45,0.96,0.45,0.96
"user0285","individual","male","yes",0.58,0.2,0.6,0.78,0.83,727,108,554,173,26,82,727,108,0.18,0.45,0.89,0.329268292682927,0.865853658536585
"user0286","individual","male","yes",0.67,0.75,0.73,0.89,0.89,0,0,0,0,0,0,0,0,0.55,NA,0.86,NA,0.688888888888889
"user0287","individual","male","yes",0.75,0.15,0.87,0.67,0.44,0,0,0,0,0,0,0,0,0.09,NA,0.7,NA,0.67032967032967
"user0288","individual","male","no",0.5,0.45,0.67,0.67,0.44,0,0,0,0,0,0,0,0,0.09,NA,-1,NA,NA
"user0289","individual","female","yes",0.5,0.45,0.67,0.33,0.5,1257,100,1039,218,38,62,1257,100,0.27,NA,0.9,NA,0.863013698630137
"user0290","individual","male","yes",0.58,0.6,0.73,0.56,0.72,893,189,544,349,19,170,893,189,0.27,NA,0.91,NA,0.876712328767123
"user0291","individual","female","no",0.58,0.25,0.67,0.83,0.89,0,0,0,0,0,0,0,0,0,NA,-1,NA,NA
"user0292","individual","male","yes",0.67,0.7,1,0.83,0,52,2,52,0,2,0,52,2,0.73,NA,0.87,NA,0.518518518518518
"user0293","individual","male","yes",0.5,0.5,0.53,0.78,0.67,0,0,0,0,0,0,0,0,0,0.64,0.93,0.64,0.93
"user0294","individual","female","yes",0.67,0.7,0.73,1,0.67,1035,106,876,159,18,88,1035,106,0.09,NA,0.57,NA,0.527472527472527
"user0295","individual","male","no",0.58,0.85,1,0.61,0.67,1813,277,1395,418,59,218,458,106,0.73,NA,-1,NA,NA
"user0296","individual","male","no",0.58,0.4,0.6,0.61,0.5,0,0,0,0,0,0,0,0,0.18,NA,-1,NA,NA
"user0297","individual","male","no",0.25,0.65,0.67,0.61,0.72,0,0,0,0,0,0,0,0,0.27,NA,-1,NA,NA
"user0298","individual","male","yes",0.33,0.4,0.4,0.83,0.5,3028,214,2874,154,108,106,1627,140,0,0.27,0.86,0.27,0.86
"user0299","individual","male","yes",0.58,0.8,0.6,0.61,0.67,2450,331,1922,528,52,279,0,0,0.27,0.91,0.97,0.876712328767123,0.958904109589041
"user0300","individual","male","yes",0.67,0.8,0.67,0.72,0.83,749,113,431,318,15,98,749,113,0.73,0.73,0.79,0,0.222222222222222
"user0301","individual","male","yes",0.33,0.5,0.6,0.78,0.5,0,0,0,0,0,0,0,0,0.18,0.45,0.67,0.329268292682927,0.597560975609756
"user0302","individual","female","yes",0.58,0.55,0.53,0.61,0.5,615,106,458,157,15,91,391,31,0.09,0.55,0.94,0.505494505494506,0.934065934065934
"user0303","individual","male","no",0,0.1,0.53,0.11,0.17,0,0,0,0,0,0,0,0,0,NA,-1,NA,NA
"user0304","individual","male","yes",0.58,0.45,0.67,0.67,0.56,957,105,606,351,13,92,0,0,0.36,0.73,0.97,0.578125,0.953125
"user0305","individual","male","yes",0.33,0.75,0.6,0.78,0.83,6535,634,5544,991,134,500,0,0,0.55,0.91,0.92,0.8,0.822222222222222
"user0306","individual","male","no",0.58,0.5,0.8,0.61,0.72,0,0,0,0,0,0,0,0,0.27,NA,-1,NA,NA
"user0307","individual","male","yes",0.58,0.9,0.67,0.89,0.67,0,0,0,0,0,0,0,0,0.73,NA,0.8,NA,0.259259259259259
"user0308","individual","male","yes",0.5,0.6,0.47,0.67,0.5,0,0,0,0,0,0,0,0,0.18,0.73,0.83,0.670731707317073,0.792682926829268
"user0309","individual","female","yes",0.58,0.55,0.4,0.78,0.44,67,22,0,67,0,22,0,0,0.09,0.36,0.82,0.296703296703297,0.802197802197802
"user0310","individual","female","yes",0.5,0.45,0.6,0.5,0.33,2549,361,1896,653,62,299,0,0,0.18,0.64,0.81,0.560975609756098,0.768292682926829
"user0311","individual","male","yes",0.58,0.5,0.73,0.72,0.56,0,0,0,0,0,0,0,0,0.18,0.73,0.93,0.670731707317073,0.914634146341463
"user0312","individual","male","yes",0.33,0.5,0.6,0.5,0.5,0,0,0,0,0,0,0,0,0.09,0.82,0.66,0.802197802197802,0.626373626373626
"user0313","individual","male","no",0.67,0.85,0.8,0.94,0.83,1409,169,1038,371,31,138,1409,169,0.18,NA,-1,NA,NA
"user0314","individual","male","yes",0.58,0.3,0.6,0.78,0.67,355,72,0,355,0,72,355,72,0.18,0.36,0.88,0.219512195121951,0.853658536585366
"user0315","individual","male","yes",0.67,0.55,0.8,0.61,1,44,2,44,0,2,0,0,0,0.45,0.73,0.9,0.509090909090909,0.818181818181818
"user0316","individual","female","yes",0.5,0.4,0.93,0.61,0.83,6846,643,4916,1930,88,555,6846,643,0.27,0.73,0.89,0.63013698630137,0.849315068493151
"user0317","individual","male","no",0.67,0.5,0.67,0.5,0.5,0,0,0,0,0,0,0,0,0.45,NA,-1,NA,NA
"user0318","individual",NA,"yes",NA,NA,NA,NA,NA,0,0,0,0,0,0,0,0,0.09,NA,0.78,NA,0.758241758241758
"user0319","individual","male","yes",0.83,0.5,0.6,0.78,0.83,0,0,0,0,0,0,0,0,0.09,0.27,0.43,0.197802197802198,0.373626373626374
"user0320","individual","female","yes",0.42,0.15,1,0.5,0.28,2175,139,1608,567,42,97,2175,139,0.18,1,0.98,1,0.975609756097561
"user0321","individual","male","yes",0.42,0.5,0,0.56,0.83,0,0,0,0,0,0,0,0,0.18,NA,0.73,NA,0.670731707317073
"user0322","individual","male","yes",0.67,0.45,0.87,0.83,0.78,4415,542,3388,1027,77,465,4415,542,0.09,0.82,0.94,0.802197802197802,0.934065934065934
"user0323","individual","male","yes",0.58,0.45,0.73,0.72,0.17,2750,60,2750,0,60,0,0,0,0.27,0.64,0.89,0.506849315068493,0.849315068493151
"user0324","individual","female","yes",0.58,0.5,0.73,0.72,0.39,503,14,495,8,13,1,503,14,0.18,0.55,0.95,0.451219512195122,0.939024390243902
"user0326","individual","male","yes",0.58,0.4,0.73,0.72,0.67,1287,36,1287,0,36,0,0,0,0.18,0.82,0.69,0.780487804878049,0.621951219512195
"user0327","individual","male","yes",0.42,0.6,0.8,0.67,0.67,25,1,25,0,1,0,0,0,0.64,NA,0.84,NA,0.555555555555555
"user0328","individual","male","yes",0.58,0.9,0.6,0.83,0.67,0,0,0,0,0,0,0,0,0.27,0.91,0.81,0.876712328767123,0.73972602739726
"user0329","individual","male","no",0.58,0.5,0.8,0.61,0.33,0,0,0,0,0,0,0,0,0.18,NA,-1,NA,NA
"user0330","individual","male","yes",0.58,0.5,0.87,0.5,0.5,0,0,0,0,0,0,0,0,0.18,NA,0.61,NA,0.524390243902439
"user0331","individual","male","no",0.67,0.3,0.93,1,0.89,0,0,0,0,0,0,0,0,0.36,NA,-1,NA,NA
"user0332","individual",NA,"no",NA,NA,NA,NA,NA,0,0,0,0,0,0,0,0,NA,NA,-1,NA,NA
"user0333","individual","male","yes",0.5,0.4,0.87,0.56,0.72,652,59,540,112,17,42,495,57,0.45,0.45,0.94,0,0.890909090909091
"user0334","individual","male","yes",0.33,0.5,0.53,0.39,0.61,109,20,0,109,0,20,109,20,0.18,0,0.34,-0.219512195121951,0.195121951219512
"user0335","individual","male","yes",0.5,0.2,0.67,0.67,0.56,0,0,0,0,0,0,0,0,0.09,0.18,0.7,0.0989010989010989,0.67032967032967
"user0336","individual",NA,"no",NA,NA,NA,NA,NA,0,0,0,0,0,0,0,0,NA,NA,-1,NA,NA
"user0337","individual",NA,"yes",NA,NA,NA,NA,NA,480,43,363,117,12,31,0,0,NA,0.55,0.88,NA,NA
"user0339","individual",NA,"no",NA,NA,NA,NA,NA,0,0,0,0,0,0,0,0,NA,NA,-1,NA,NA
"user0340","social",NA,"yes",NA,NA,NA,NA,NA,0,0,0,0,0,0,0,0,NA,NA,0.84,NA,NA
"user0341","social",NA,NA,NA,NA,NA,NA,NA,0,0,0,0,0,0,0,0,NA,NA,-1,NA,NA
"user0378","individual","male","yes",0.58,0.6,0.67,0.61,0.5,0,0,0,0,0,0,0,0,0.27,0.64,0.84,0.506849315068493,0.780821917808219
"user0379","individual","male","yes",0.75,0.9,1,0.89,0.83,699,106,417,282,9,97,699,106,0.45,1,0.98,1,0.963636363636364
"user0380","individual","male","yes",0.58,0.6,1,0.67,0.5,12330,838,7479,4851,123,715,623,105,0.18,0.91,0.95,0.890243902439024,0.939024390243902
"user0381","individual","male","yes",0.5,0.3,0.47,0.44,0.56,2484,330,1963,521,52,278,1479,249,0.18,NA,0.92,NA,0.902439024390244
"user0382","individual","male","yes",0.5,0.45,0.67,0.44,0.39,0,0,0,0,0,0,0,0,0.09,0.73,0.9,0.703296703296703,0.89010989010989
"user0383","individual","male","yes",0.67,0.6,0.6,0.78,0.83,745,99,325,420,12,87,745,99,0.18,0.45,0.45,0.329268292682927,0.329268292682927
"user0385","individual","female","yes",0.58,0.15,0.47,0.67,0.44,350,6,350,0,6,0,0,0,0.09,0.55,0.51,0.505494505494506,0.461538461538462
"user0386","individual","female","yes",0.58,0.2,0.8,0.78,0,0,0,0,0,0,0,0,0,0.09,NA,0.87,NA,0.857142857142857
"user0387","individual","male","yes",0.5,0.35,0.6,0.72,0.72,7385,639,5501,1884,110,529,7385,639,0.27,0.82,0.98,0.753424657534246,0.972602739726027
"user0388","individual","male","yes",0.5,0.65,0.6,0.5,0.5,0,0,0,0,0,0,0,0,0,0.73,0.95,0.73,0.95
"user0389","individual","male","yes",0.75,0.8,1,0.78,0.83,639,87,344,295,11,76,639,87,0.36,0.73,0.94,0.578125,0.90625
"user0390","individual","male","yes",1,0.8,1,0.89,0.72,1626,85,1470,156,25,60,1626,85,1,NA,0.9,NA,-Inf
"user0391","individual","male","no",0.58,0.5,0.67,0.61,0.67,0,0,0,0,0,0,0,0,0.09,NA,-1,NA,NA
"user0392","individual","male","yes",0.5,0.6,0.87,0.61,0.17,8398,809,4432,3966,104,705,0,0,0.55,0.55,0.98,0,0.955555555555555
"user0393","individual","male","no",0.58,0.6,0.8,0.83,0.72,0,0,0,0,0,0,0,0,NA,NA,-1,NA,NA
"user0394","individual","female","yes",0.5,0.4,0.67,0.67,0.78,2563,338,1641,922,55,283,2563,338,0.18,0.64,0.91,0.560975609756098,0.890243902439024
"user0395","individual","male","yes",0.67,0.65,0.87,0.78,0.17,1448,243,997,451,35,208,798,104,0.27,NA,0.91,NA,0.876712328767123
"user0396","individual","male","yes",0.67,0.5,0.73,0.67,0.5,3699,409,2189,1510,78,331,3699,409,0.18,0.82,0.93,0.780487804878049,0.914634146341463
"user0397","individual","female","yes",0.25,0.55,0.6,0.67,0.61,2471,140,2285,186,52,88,2298,136,0.18,0.82,0.81,0.780487804878049,0.768292682926829
"user0398","individual","male","yes",0.58,0.4,0.67,0.72,0.56,26,2,0,26,0,2,26,2,0.09,0.27,0.82,0.197802197802198,0.802197802197802
"user0399","individual","male","yes",0.5,0.7,0.53,0.94,0.33,0,0,0,0,0,0,0,0,0.18,0.36,0.85,0.219512195121951,0.817073170731707
"user0400","individual","male","yes",0.42,0.75,1,0.89,0.78,527,74,414,113,19,55,527,74,0.18,0.82,0.64,0.780487804878049,0.560975609756098
"user0401","individual","male","yes",0.33,0.3,0.6,0.72,0.78,1006,119,831,175,29,90,0,0,0.09,0.64,0.81,0.604395604395604,0.791208791208791
"user0402","individual","male","yes",0.83,0.95,1,0.78,0.83,1154,229,819,335,27,202,0,0,0.18,0.45,0.94,0.329268292682927,0.926829268292683
"user0403","individual","female","yes",0.58,0.4,0.67,0.67,0.39,3173,501,1829,1344,61,440,3173,501,0.18,0.73,0.91,0.670731707317073,0.890243902439024
"user0404","individual","male","yes",0.5,0.4,0.67,0.67,0.83,18,3,18,0,3,0,18,3,0.09,0.73,0.89,0.703296703296703,0.879120879120879
"user0405","individual","male","yes",0.5,0.8,0.93,0.78,0,0,0,0,0,0,0,0,0,0.45,NA,0.66,NA,0.381818181818182
"user0406","individual","male","yes",0.58,0.35,0.67,0.89,1,556,140,425,131,67,73,556,140,0.73,0.91,0.76,0.666666666666667,0.111111111111111
"user0407","individual","male","yes",0.83,0.55,0.8,0.72,0.72,0,0,0,0,0,0,0,0,0.45,NA,0.92,NA,0.854545454545454
"user0408","individual","male","yes",0.67,0.5,0.67,0.56,0.5,1533,261,1124,409,54,207,0,0,0.09,0.91,0.92,0.901098901098901,0.912087912087912
"user0409","individual","male","yes",0.67,0.25,0.53,0.83,0.72,28,1,28,0,1,0,0,0,0.18,0.36,0.87,0.219512195121951,0.841463414634146
"user0410","individual","male","yes",0.67,0.85,0.67,0.83,0.89,0,0,0,0,0,0,0,0,0.55,NA,0.89,NA,0.755555555555556
"user0411","individual","male","yes",0.5,0.5,0.67,0.5,0.33,224,26,158,66,6,20,224,26,0.09,0.64,0.97,0.604395604395604,0.967032967032967
"user0412","individual","male","yes",0.5,0.95,0.73,0.94,0.67,0,0,0,0,0,0,0,0,0.36,NA,0.86,NA,0.78125
"user0413","individual","male","no",0.67,0.45,1,1,1,3039,563,2064,975,47,516,123,6,0.09,NA,-1,NA,NA
"user0414","individual","male","no",0.83,0.5,0.87,0.89,0,0,0,0,0,0,0,0,0,0.27,NA,-1,NA,NA
"user0415","individual","male","yes",0.58,0.35,0.73,0.67,0.61,8759,731,4474,4285,116,615,8637,729,0.09,0,0.98,-0.0989010989010989,0.978021978021978
"user0416","individual","male","yes",0.33,0.2,0.6,0.61,0.56,3220,287,2229,991,70,217,2120,176,0.18,NA,0.83,NA,0.792682926829268
"user0417","individual","female","yes",0.67,0.9,0.6,1,0.39,3074,416,1202,1872,21,395,3074,416,0.18,0.91,0.89,0.890243902439024,0.865853658536585
"user0418","individual","male","yes",0.42,0.5,0.6,0.67,0.5,0,0,0,0,0,0,0,0,0.36,0.36,0.7,0,0.53125
"user0419","individual","male","yes",0.5,0.5,0.87,0.72,0.67,0,0,0,0,0,0,0,0,0.27,0.36,0.85,0.123287671232877,0.794520547945205
"user0420","individual","female","yes",0.5,0.85,0.67,0.94,1,6326,562,4881,1445,94,468,3665,454,0.18,0.82,0.94,0.780487804878049,0.926829268292683
"user0421","individual","male","yes",0.5,0.3,0.67,0.5,0.44,0,0,0,0,0,0,0,0,0,0.45,0.87,0.45,0.87
"user0422","individual",NA,"yes",NA,NA,NA,NA,NA,3,1,0,3,0,1,0,0,0.91,0.64,0.84,-3,-0.777777777777779
"user0423","individual","female","yes",0.83,0.85,0.73,0.72,0.56,240,14,219,21,6,8,240,14,0.36,0.64,0.94,0.4375,0.90625
"user0424","individual","male","yes",0.5,0.75,0.8,0.5,0,0,0,0,0,0,0,0,0,0.73,0.09,0.95,-2.37037037037037,0.814814814814815
"user0426","individual","male","yes",0.33,0.35,0.53,0.78,0.44,398,86,280,118,11,75,398,86,0.18,0.91,0.49,0.890243902439024,0.378048780487805
"user0427","individual","female","yes",0.67,0.3,1,0.94,0.89,0,0,0,0,0,0,0,0,0.09,NA,0.76,NA,0.736263736263736
"user0428","individual","female","yes",0.5,0.4,0.53,0.78,0.56,0,0,0,0,0,0,0,0,0,0.55,0.8,0.55,0.8
"user0429","individual","female","yes",0.67,0.05,0.53,0.67,0.33,0,0,0,0,0,0,0,0,0.18,0.73,0.85,0.670731707317073,0.817073170731707
"user0430","individual","male","yes",0.5,0.45,0.67,0.5,0,0,0,0,0,0,0,0,0,0.09,NA,0.85,NA,0.835164835164835
"user0431","individual","female","yes",0.5,0.55,1,0.61,0.5,0,0,0,0,0,0,0,0,0.09,0.45,0.99,0.395604395604396,0.989010989010989
"user0432","individual","male","no",0.58,0.65,0.73,0.83,0.94,1002,87,494,508,30,57,1002,87,0.18,NA,-1,NA,NA
"user0433","individual","male","no",0.42,0.25,0.33,0.5,0.5,0,0,0,0,0,0,0,0,0,NA,-1,NA,NA
"user0434","individual","male","yes",0.58,0.1,0.8,0.5,0.61,1171,242,824,347,24,218,384,10,0.55,0.55,0.82,0,0.6
"user0435","individual","female","yes",0.5,0.4,0.53,0.61,0.5,7002,635,5182,1820,86,549,0,0,0.09,1,0.9,1,0.89010989010989
"user0436","individual","male","yes",0.33,0.3,0.47,0.28,0.17,6236,746,4527,1709,91,655,0,0,0.36,0.82,0.82,0.71875,0.71875
"user0437","individual","male","yes",1,1,1,1,0,2,1,0,2,0,1,2,1,0.36,0.91,0.86,0.859375,0.78125
"user0438","individual","male","yes",0.58,0.55,0.6,0.67,0.83,300,1,300,0,1,0,0,0,0.09,0.18,0.64,0.0989010989010989,0.604395604395604
"user0439","individual",NA,"yes",NA,NA,NA,NA,NA,0,0,0,0,0,0,0,0,NA,NA,0.8,NA,NA
"user0440","individual","male","yes",0.58,0.25,0.67,0.72,0.72,0,0,0,0,0,0,0,0,0.18,0.27,0.58,0.109756097560976,0.48780487804878
"user0441","individual","male","yes",0.5,0.1,0.67,0.78,0.67,530,86,404,126,12,74,530,86,0.45,1,0.73,1,0.509090909090909
"user0442","individual","male","yes",0.58,0.75,0.6,0.67,0.17,9159,206,8683,476,170,36,9159,206,0.64,0.73,0.91,0.25,0.75
"user0443","individual","male","yes",0.5,0.15,0.8,0.78,0.67,4410,249,3477,933,109,140,0,0,0.18,0.55,0.82,0.451219512195122,0.780487804878049
"user0444","individual","male","no",0.58,0.5,0.6,0.67,0.78,0,0,0,0,0,0,0,0,0.27,NA,-1,NA,NA
"user0445","individual","male","yes",0.58,0.4,0.6,0.89,0,9203,1048,7326,1877,279,769,0,0,0.18,0.91,0.64,0.890243902439024,0.560975609756098
"user0446","individual","male","yes",0.58,0.55,0.73,0.94,0.33,0,0,0,0,0,0,0,0,0.18,0.36,0.95,0.219512195121951,0.939024390243902
"user0447","individual","male","no",0.67,0.55,0.87,0.83,0.67,0,0,0,0,0,0,0,0,0.27,NA,-1,NA,NA
"user0448","individual","female","yes",0,0.3,0.4,0.56,0.28,14186,826,10562,3624,154,672,0,0,0,0.64,0.72,0.64,0.72
"user0449","individual","male","no",0.67,0.45,0.93,0.89,0.5,0,0,0,0,0,0,0,0,0.09,NA,-1,NA,NA
"user0450","individual","male","yes",0.17,0.45,0.33,0.44,0.39,3727,238,3048,679,72,166,491,119,0.09,0.18,0.77,0.0989010989010989,0.747252747252747
"user0451","individual","male","yes",0.25,0.1,0.6,0.33,0.28,3331,104,3295,36,92,12,254,10,0.09,0.45,0.72,0.395604395604396,0.692307692307692
"user0452","individual","male","yes",0.67,0.5,0.53,0.67,0.39,2035,51,433,1602,5,46,2035,51,0.09,0.82,0.76,0.802197802197802,0.736263736263736
"user0453","individual","male","yes",0.5,0.15,0.53,0.67,0.72,0,0,0,0,0,0,0,0,0.09,0.82,0.98,0.802197802197802,0.978021978021978
"user0454","individual","male","yes",0.33,0.25,0.53,0.44,0.72,0,0,0,0,0,0,0,0,0.09,0.27,0.37,0.197802197802198,0.307692307692308
"user0455","individual","male","no",0.67,0,1,0.61,0,1205,111,1030,175,23,88,1205,111,0,NA,-1,NA,NA
"user0456","individual","male","no",0.42,0.35,0.67,0.5,0.11,0,0,0,0,0,0,0,0,0,NA,-1,NA,NA
"user0457","individual","male","yes",0.5,0.5,0.53,0.67,0.67,0,0,0,0,0,0,0,0,0.27,0.91,0.97,0.876712328767123,0.958904109589041
"user0458","individual","male","no",0.58,0.8,0.8,0.83,0.33,0,0,0,0,0,0,0,0,0.45,NA,-1,NA,NA
"user0459","individual","male","no",0.42,0.25,0.73,0.33,0.22,0,0,0,0,0,0,0,0,0.09,NA,-1,NA,NA
"user0460","individual","male","yes",0.5,0.2,0.67,0.72,0.67,0,0,0,0,0,0,0,0,0.09,NA,0.9,NA,0.89010989010989
"user0461","individual",NA,"yes",NA,NA,NA,NA,NA,5000,652,3550,1450,91,561,5000,652,0.82,0.82,0.88,0,0.333333333333334
"user0462","individual",NA,"yes",NA,NA,NA,NA,NA,14749,760,8617,6132,132,628,0,0,NA,0.82,0.6,NA,NA
"user0463","individual",NA,"yes",NA,NA,NA,NA,NA,2834,346,2304,530,72,274,0,0,NA,1,0.97,NA,NA
"user0465","social",NA,"no",NA,NA,NA,NA,NA,0,0,0,0,0,0,0,0,NA,NA,-1,NA,NA
"user0503","social","male","no",0.83,1,0.93,0.94,1,0,0,0,0,0,0,0,0,0.36,NA,-1,NA,NA
"user0504","social","female","yes",0.33,0.5,0.87,0.39,0,1737,109,1476,261,33,76,1737,109,0.18,0.64,0.59,0.560975609756098,0.5
"user0505","social","male","yes",0.58,0.5,0.8,0.44,0.67,0,0,0,0,0,0,0,0,0.09,0.45,0.58,0.395604395604396,0.538461538461538
"user0506","social","male","yes",0.67,0.45,0.67,0.72,0.72,0,0,0,0,0,0,0,0,0.73,NA,0.78,NA,0.185185185185185
"user0507","social","female","yes",0.58,0.45,0.6,0.72,0,0,0,0,0,0,0,0,0,0.09,NA,0.28,NA,0.208791208791209
"user0508","social",NA,"yes",NA,NA,NA,NA,NA,74,3,74,0,3,0,74,3,0.09,0.09,0.76,0,0.736263736263736
"user0509","social","female","yes",0.58,0.3,0.6,0.78,0.17,3909,194,3539,370,53,141,165,4,0.09,0.82,0.6,0.802197802197802,0.56043956043956
"user0510","social","female","yes",0.75,0.65,0.93,0.94,0.44,1525,110,1309,216,24,86,0,0,0.18,NA,0.9,NA,0.878048780487805
"user0511","social","female","yes",0.75,0.1,0.6,0.78,0.72,2912,97,2689,223,50,47,0,0,0.18,0.82,0.85,0.780487804878049,0.817073170731707
"user0512","social","female","yes",0.5,0.25,0.6,0.67,0.67,7718,643,5784,1934,124,519,7074,627,0,0.73,0.96,0.73,0.96
"user0513","social","male","yes",0.83,0.55,0.8,0.89,1,0,0,0,0,0,0,0,0,0,0.73,0.5,0.73,0.5
"user0514","social","male","yes",0.67,0.55,0.4,0.5,0.61,0,0,0,0,0,0,0,0,0.27,NA,0.8,NA,0.726027397260274
"user0515","social","male","yes",0.75,0.75,0.87,1,0.72,3396,268,1911,1485,37,231,1979,215,NA,1,0.91,NA,NA
"user0516","social","male","yes",1,0.8,1,0.94,0.67,962,208,576,386,25,183,962,208,0.18,0.82,0.88,0.780487804878049,0.853658536585366
"user0517","social","male","yes",0.17,0.55,0.47,0.83,0.83,5741,771,4001,1740,105,666,0,0,0.18,0.64,0.89,0.560975609756098,0.865853658536585
"user0518","social","female","yes",0.83,0.9,0.93,0.83,0.67,8379,677,4875,3504,162,515,8379,677,0.45,0.91,0.93,0.836363636363636,0.872727272727273
"user0519","social","male","no",0.67,0.55,1,0.83,0.89,0,0,0,0,0,0,0,0,0.18,NA,-1,NA,NA
"user0520","social","male","yes",0.67,0.8,1,0.94,0.72,8781,560,6329,2452,94,466,8781,560,0.36,0.82,0.95,0.71875,0.921875
"user0521","social","female","yes",0.67,0.55,0.8,0.78,0.67,13652,718,5834,7818,152,566,13304,691,0.55,0.91,0.98,0.8,0.955555555555555
"user0522","social","male","yes",0.58,0.5,0.6,0.72,0.39,954,113,752,202,22,91,954,113,0.18,0.55,0.92,0.451219512195122,0.902439024390244
"user0523","social","male","yes",0.75,0.75,0.73,0.72,0.56,0,0,0,0,0,0,0,0,0.45,0.73,0.96,0.509090909090909,0.927272727272727
"user0524","social","male","yes",0.58,0.65,0.73,0.72,0.67,1056,105,711,345,29,76,1056,105,0.18,NA,0.61,NA,0.524390243902439
"user0525","social","male","yes",0.67,0.45,0.73,0.67,0.67,1004,239,619,385,21,218,1004,239,0.73,0.91,0.94,0.666666666666667,0.777777777777778
"user0526","social","male","yes",0.33,0.6,0.27,0.28,0.5,0,0,0,0,0,0,0,0,0.09,0.64,0.32,0.604395604395604,0.252747252747253
"user0527","social","female","yes",0.42,0.25,0.6,0.67,0.17,3157,252,2044,1113,26,226,3157,252,0.18,0.36,0.93,0.219512195121951,0.914634146341463
"user0528","social","male","yes",0.5,0.25,0.67,0.61,0.61,0,0,0,0,0,0,0,0,0,0.73,0.54,0.73,0.54
"user0529","social","male","yes",0.58,0.35,0.6,0.72,0.39,0,0,0,0,0,0,0,0,0.09,0,0.69,-0.0989010989010989,0.659340659340659
"user0530","social","female","yes",0.5,0.4,0.8,0.44,0.5,1946,168,1473,473,36,132,0,0,0,NA,0.75,NA,0.75
"user0531","social","male","yes",0.58,0.4,0.8,0.5,0.5,662,48,484,178,17,31,0,0,0.09,0.27,0.83,0.197802197802198,0.813186813186813
"user0532","social","male","yes",0.33,0.25,0.47,0.5,0.44,0,0,0,0,0,0,0,0,0.18,0.18,0.56,0,0.463414634146341
"user0533","social","female","yes",0.58,0.5,0.6,0.72,0.61,10562,586,6987,3575,150,436,0,0,0.09,NA,0.82,NA,0.802197802197802
"user0534","social","female","yes",0.58,0,0.87,0.83,0.44,10054,706,7233,2821,219,487,9942,701,0.09,0.73,0.87,0.703296703296703,0.857142857142857
"user0535","social",NA,"yes",NA,NA,NA,NA,NA,3773,198,2516,1257,30,168,0,0,NA,0.45,0.7,NA,NA
"user0536","social","male","yes",0.58,0.15,0.67,0.72,0.5,0,0,0,0,0,0,0,0,0,NA,0.56,NA,0.56
"user0537","social","male","yes",0.42,0.1,0.87,0.56,0.83,0,0,0,0,0,0,0,0,0.09,NA,0.91,NA,0.901098901098901
"user0538","social","male","yes",0.67,0.7,1,0.5,0.5,410,12,410,0,12,0,0,0,0.36,0.09,0.52,-0.421875,0.25
"user0539","social","male","yes",0.58,0.6,0.67,0.67,0.67,1848,290,1273,575,43,247,0,0,0.27,0.82,1,0.753424657534246,1
"user0540","social","male","yes",0.75,0.7,1,0.67,0.67,2110,74,1893,217,34,40,2110,74,0,0.91,0.9,0.91,0.9
"user0541","social","male","yes",0.25,0.5,0.67,0.39,0.56,0,0,0,0,0,0,0,0,0.18,0.73,0.78,0.670731707317073,0.731707317073171
"user0542","social","female","yes",0.67,0.65,0.87,0.83,0.83,978,23,978,0,23,0,978,23,0.27,0.82,0.89,0.753424657534246,0.849315068493151
"user0543","social","male","yes",0.33,0.25,0.33,0.5,0.5,0,0,0,0,0,0,0,0,0.09,0.27,0.59,0.197802197802198,0.549450549450549
"user0544","social","male","yes",0.58,0.3,0.67,0.83,0.78,0,0,0,0,0,0,0,0,0.09,0.18,0.44,0.0989010989010989,0.384615384615385
"user0545","social",NA,"no",NA,NA,NA,NA,NA,91,2,91,0,2,0,91,2,0.55,NA,-1,NA,NA
"user0546","social","male","yes",0.75,0.7,0.87,0.83,0.94,1226,165,931,295,28,137,1226,165,0.55,NA,0.83,NA,0.622222222222222
"user0547","social","male","yes",0.58,0.45,0.6,0.67,0.67,638,99,423,215,15,84,638,99,0.18,0.91,0.97,0.890243902439024,0.963414634146341
"user0548","social","female","yes",0.75,0.5,1,0.78,0.67,677,108,517,160,20,88,677,108,0,0.09,0.6,0.09,0.6
"user0549","social","male","yes",0.58,0.5,0.67,0.78,0.83,0,0,0,0,0,0,0,0,0.09,0.27,0.75,0.197802197802198,0.725274725274725
"user0550","social","male","yes",0.83,0.7,1,0.67,0.89,4507,857,2825,1682,108,749,3282,574,0.91,0.64,0.98,-3,0.777777777777777
"user0551","social","male","yes",0.58,0.65,0.47,0.78,0.33,6312,464,3506,2806,87,377,6312,464,0.73,NA,0.92,NA,0.703703703703704
"user0552","social","male","no",0.58,0.7,0.73,0.89,1,0,0,0,0,0,0,0,0,0.09,NA,-1,NA,NA
"user0553","social","female","yes",0.58,0.9,0.73,0.83,0.17,1936,243,1266,670,23,220,0,0,0.18,0.73,0.94,0.670731707317073,0.926829268292683
"user0554","social","male","yes",0.5,0.7,0.6,0.61,0.5,4982,51,4982,0,51,0,0,0,0.27,NA,0.85,NA,0.794520547945205
"user0555","social","male","yes",0.58,0.5,0.6,0.61,0.44,132,3,132,0,3,0,132,3,0.27,0.82,0.87,0.753424657534246,0.821917808219178
"user0557","social","male","yes",0.58,0.5,0.73,0.61,0.83,0,0,0,0,0,0,0,0,0.09,0.64,0.91,0.604395604395604,0.901098901098901
"user0558","social","male","no",0.5,0.45,0.6,0.44,0.83,0,0,0,0,0,0,0,0,0,NA,-1,NA,NA
"user0559","social","female","no",0.5,0.5,0.8,0.67,0.67,0,0,0,0,0,0,0,0,0.09,NA,-1,NA,NA
"user0560","social","female","yes",0.25,0.3,0.2,0.5,0.5,6429,186,5935,494,94,92,0,0,0,0.27,0.57,0.27,0.57
"user0561","social","male","yes",0.58,0.55,0.53,0.61,0.67,591,44,539,52,18,26,0,0,0.82,0.73,0.7,-0.5,-0.666666666666666
"user0562","social","male","no",0.42,0.45,0.6,0.56,0.44,0,0,0,0,0,0,0,0,0.09,NA,-1,NA,NA
"user0563","social","male","yes",0.5,0.35,0.6,0.33,0.61,8759,181,8695,64,159,22,0,0,0,0.73,0.92,0.73,0.92
"user0564","social","male","yes",0.42,0.55,0.67,0.39,0.5,3189,322,2257,932,67,255,3189,322,0.09,0,0.95,-0.0989010989010989,0.945054945054945
"user0565","social","female","no",0.75,0.35,0.67,0.72,0.17,0,0,0,0,0,0,0,0,0.27,NA,-1,NA,NA
"user0566","social","male","yes",0.42,0.45,0.53,0.39,0.56,897,117,681,216,18,99,0,0,0.18,0.55,0.95,0.451219512195122,0.939024390243902
"user0567","social","male","yes",0.33,0.5,0.6,0.61,0.44,1163,328,0,1163,0,328,0,0,0.18,0.36,0.29,0.219512195121951,0.134146341463415
"user0568","social","male","no",0.5,0,0.33,0.61,0.17,0,0,0,0,0,0,0,0,0,NA,-1,NA,NA
"user0569","social","male","no",0.58,0.5,0.67,0.67,0.67,0,0,0,0,0,0,0,0,0.45,NA,-1,NA,NA
"user0570","social","male","yes",0.42,0.45,0.6,0.67,0.11,0,0,0,0,0,0,0,0,0.18,0.55,0.66,0.451219512195122,0.585365853658537
"user0571","social","female","yes",0.42,0.3,0.53,0.78,0.72,0,0,0,0,0,0,0,0,0.18,0.45,0.67,0.329268292682927,0.597560975609756
"user0572","social","female","yes",0.58,0.6,0.87,0.83,0,0,0,0,0,0,0,0,0,0,NA,0,NA,0
"user0573","social","female","yes",0.58,0.5,0.67,0.67,0.67,893,104,563,330,23,81,0,0,0,0.55,0.9,0.55,0.9
"user0574","social","male","yes",0.67,0.85,1,0.83,0.5,1338,118,1156,182,35,83,0,0,0,NA,0.8,NA,0.8
"user0575","social","male","yes",0.42,0.6,0.47,0.67,0.5,1118,184,669,449,28,156,938,116,0.09,0.27,0.87,0.197802197802198,0.857142857142857
"user0576","social","female","yes",0.17,0.15,0.33,0.33,0.06,858,125,605,253,25,100,858,125,0.27,0.36,0.6,0.123287671232877,0.452054794520548
"user0577","social","female","no",0.5,0.6,0.73,0.78,0.56,0,0,0,0,0,0,0,0,0.64,NA,-1,NA,NA
"user0578","social","female","yes",0.42,0.55,0.4,0.61,0.61,14389,821,7644,6745,130,691,2214,196,0.18,0.82,0.95,0.780487804878049,0.939024390243902
"user0579","social","female","no",0.67,0.1,1,0.83,0.17,0,0,0,0,0,0,0,0,0.18,NA,-1,NA,NA
"user0580","social","female","yes",0.33,0.25,0.67,0.61,0.33,0,0,0,0,0,0,0,0,0.18,0.36,0.55,0.219512195121951,0.451219512195122
"user0581","social","male","yes",0.75,0.95,0.87,0.83,0.72,63,3,63,0,3,0,0,0,0.82,0.91,0.95,0.5,0.722222222222222
"user0582","social",NA,"no",NA,NA,NA,NA,NA,0,0,0,0,0,0,0,0,NA,NA,-1,NA,NA
"user0583","social","male","yes",0.5,0.75,0.47,0.22,0.67,656,99,389,267,12,87,0,0,0.36,0.82,0.85,0.71875,0.765625
"user0584","social","male","yes",0.58,0.6,0.6,0.67,0.83,4363,367,2406,1957,45,322,4312,343,0.36,0.82,0.94,0.71875,0.90625
"user0585","social","male","no",0.33,0.4,0.53,0.56,0.17,0,0,0,0,0,0,0,0,0.09,NA,-1,NA,NA
"user0586","social",NA,"no",NA,NA,NA,NA,NA,1416,208,934,482,33,175,1416,208,NA,NA,-1,NA,NA
"user0587","social",NA,"no",NA,NA,NA,NA,NA,0,0,0,0,0,0,0,0,NA,NA,-1,NA,NA
"user0590","social",NA,"yes",NA,NA,NA,NA,NA,0,0,0,0,0,0,0,0,NA,NA,0.96,NA,NA
"user0626","social","female",NA,1,1,1,1,1,0,0,0,0,0,0,0,0,NA,NA,-1,NA,NA
"user0628","social","male","no",0.33,0.1,0.47,0.39,0.5,0,0,0,0,0,0,0,0,0,NA,-1,NA,NA
"user0629","social","male","yes",0.42,0.6,0.67,0.67,0.72,8354,852,6856,1498,157,695,7461,696,1,1,0.91,NA,-Inf
"user0630","social","male","no",0.67,0.7,0.67,0.78,0,0,0,0,0,0,0,0,0,0.82,NA,-1,NA,NA
"user0631","social","male","yes",0.5,0.45,0.6,0.72,0.83,1010,41,981,29,36,5,1010,41,0.09,0.73,0.98,0.703296703296703,0.978021978021978
"user0632","social","male","yes",0.67,0.5,0.6,0.56,0.28,0,0,0,0,0,0,0,0,0.09,0.73,0.74,0.703296703296703,0.714285714285714
"user0633","social","male","yes",0.58,0.5,0.67,0.56,0.5,0,0,0,0,0,0,0,0,0.18,0.64,0.93,0.560975609756098,0.914634146341463
"user0634","social","female","yes",0.67,0.4,0.67,0.89,0.83,1046,246,626,420,15,231,0,0,NA,0.64,0.95,NA,NA
"user0635","social","male","yes",0.42,0.3,0.6,0.67,0.72,2190,315,1415,775,25,290,2190,315,0.18,0.73,0.91,0.670731707317073,0.890243902439024
"user0636","social","male","yes",0.5,0.7,0.53,0.5,0.67,0,0,0,0,0,0,0,0,0.18,0.45,0.86,0.329268292682927,0.829268292682927
"user0637","social","male","yes",0.58,0.3,0.67,0.89,0.72,4155,245,2463,1692,45,200,4155,245,0.18,0.73,0.9,0.670731707317073,0.878048780487805
"user0638","social","male","yes",0.67,0.65,0.6,0.61,0.61,0,0,0,0,0,0,0,0,0.18,0.55,0.92,0.451219512195122,0.902439024390244
"user0639","social","male","yes",0.58,0.05,0.6,0.61,0.61,0,0,0,0,0,0,0,0,0.18,NA,0.57,NA,0.475609756097561
"user0640","social","male","yes",0.5,0.3,0.67,0.5,0.56,3783,72,3681,102,50,22,0,0,0.09,0.55,0.81,0.505494505494506,0.791208791208791
"user0641","social","female","yes",0.33,0.55,0.47,0.72,0.94,3616,456,2557,1059,93,363,3616,456,0.09,0.18,0.55,0.0989010989010989,0.505494505494506
"user0642","social","female","yes",0.92,0.65,0.8,0.94,0.78,15046,842,7703,7343,124,718,12489,690,0.18,1,0.99,1,0.98780487804878
"user0643","social","male","yes",0.58,0.65,0.93,0.83,0,0,0,0,0,0,0,0,0,0.36,0.73,0.79,0.578125,0.671875
"user0644","social","male","yes",0.67,0.5,0.93,0.72,0.61,0,0,0,0,0,0,0,0,0.18,0.36,0.73,0.219512195121951,0.670731707317073
"user0645","social","male","yes",0.58,0.65,0.6,0.78,0.78,1431,173,1075,356,25,148,0,0,0.18,0.91,0.9,0.890243902439024,0.878048780487805
"user0646","social","male","yes",0.58,0.25,0.6,0.67,0.5,0,0,0,0,0,0,0,0,0.09,0.27,0.82,0.197802197802198,0.802197802197802
"user0647","social","male","no",0.5,0.6,0.73,0.78,0.83,0,0,0,0,0,0,0,0,0.45,NA,-1,NA,NA
"user0648","social","male","yes",0.67,0.5,0.8,0.89,0.67,2450,323,2061,389,87,236,2450,323,0.18,0.27,0.69,0.109756097560976,0.621951219512195
"user0649","social","male","yes",0.58,0.4,0.67,0.61,0.67,0,0,0,0,0,0,0,0,0.09,0.36,0.73,0.296703296703297,0.703296703296703
"user0650","social","male","yes",0.67,0.6,0.67,1,0.78,7075,498,5079,1996,73,425,2938,269,0.27,0.91,0.92,0.876712328767123,0.89041095890411
"user0651","social","male","yes",0.67,0.5,1,0.83,0.83,6233,593,4670,1563,109,484,5311,527,0.73,0.91,0.93,0.666666666666667,0.740740740740741
"user0652","social","female","yes",0.58,0.6,0.73,0.78,0.72,1639,209,1274,365,39,170,1501,206,0.27,1,0.99,1,0.986301369863014
"user0653","social","male","yes",0.75,0.85,0.8,0.56,0.61,3348,387,2663,685,54,333,0,0,0.82,NA,0.94,NA,0.666666666666666
"user0654","social","male","yes",0.67,1,1,1,0,0,0,0,0,0,0,0,0,0.09,0.55,0.89,0.505494505494506,0.879120879120879
"user0655","social","male","no",0.67,0.7,0.73,0.67,0.5,0,0,0,0,0,0,0,0,0.73,NA,-1,NA,NA
"user0656","social","male","no",0.58,0,0.6,0.67,0.5,0,0,0,0,0,0,0,0,0.09,NA,-1,NA,NA
"user0657","social","male","yes",0.42,0.65,0.6,1,0.5,1549,59,1370,179,37,22,0,0,0.09,0.45,0.61,0.395604395604396,0.571428571428571
"user0658","social","male","yes",0.58,0.75,0.6,0.56,0.5,1188,111,977,211,25,86,1188,111,0.18,0.73,0.61,0.670731707317073,0.524390243902439
"user0659","social","male","yes",0.58,0.1,0.87,0.83,0.83,4193,328,2754,1439,64,264,4193,328,0.09,0.64,0.95,0.604395604395604,0.945054945054945
"user0660","social","male","yes",0.67,0.8,1,0.83,0.89,6261,802,4907,1354,154,648,5055,603,0.64,0.82,0.85,0.5,0.583333333333333
"user0661","social","female","yes",0.33,0.55,0.8,0.83,0.22,0,0,0,0,0,0,0,0,0,NA,0.95,NA,0.95
"user0662","social","female","yes",0.5,0.4,0.73,0.83,0.83,529,79,175,354,5,74,32,15,0,0,0.53,0,0.53
"user0663","social","male","yes",0.58,0.5,0.6,0.78,0.33,3065,59,3006,59,50,9,0,0,0.36,0.64,0.79,0.4375,0.671875
"user0664","social","female","no",0.5,0.3,0.6,0.44,0.17,0,0,0,0,0,0,0,0,0.09,NA,-1,NA,NA
"user0665","social","female","yes",0.5,0.2,0.33,0.67,0.78,302,29,251,51,13,16,0,0,0.18,NA,0.86,NA,0.829268292682927
"user0666","social","male","no",0.92,0.9,0.73,0.83,0.83,0,0,0,0,0,0,0,0,0.27,NA,-1,NA,NA
"user0667","social","male","yes",0.58,0.45,0.73,0.67,0.83,2343,194,2024,319,43,151,0,0,0.36,0.73,0.85,0.578125,0.765625
"user0668","social","male","yes",0.67,0.35,0.67,0.78,0.72,2070,80,2062,8,78,2,0,0,0.09,0.55,0.89,0.505494505494506,0.879120879120879
"user0669","social","male","yes",0.92,0.6,0.87,0.94,1,0,0,0,0,0,0,0,0,0.18,NA,0.84,NA,0.804878048780488
"user0670","social","female","yes",0.42,0.55,0.67,0.78,0.78,0,0,0,0,0,0,0,0,0.64,1,0.92,1,0.777777777777778
"user0671","social","male","yes",0.58,0.5,0.73,0.72,0.56,0,0,0,0,0,0,0,0,0.18,0.18,0.44,0,0.317073170731707
"user0672","social","female","yes",0.42,0.45,0.67,0.72,0,0,0,0,0,0,0,0,0,0.09,0.64,0.62,0.604395604395604,0.582417582417582
"user0673","social","male","yes",0.33,0,0.67,0.44,0.33,2239,227,1751,488,34,193,0,0,0,0.55,0.79,0.55,0.79
"user0674","social","male","yes",0.5,0.2,0.67,0.61,0.39,0,0,0,0,0,0,0,0,0.45,0.36,0.54,-0.163636363636364,0.163636363636364
"user0675","social","female","no",0.5,0.45,0.67,0.61,0.67,0,0,0,0,0,0,0,0,0.09,NA,-1,NA,NA
"user0676","social","male","yes",0.67,0.85,0.93,0.78,0.94,0,0,0,0,0,0,0,0,0.82,NA,0.84,NA,0.111111111111111
"user0677","social","female","yes",0.42,0.35,0.67,0.72,0.72,2369,605,1099,1270,41,564,1623,365,0.09,0.64,0.71,0.604395604395604,0.681318681318681
"user0678","social","female","yes",0.5,0.35,0.4,0.56,0.5,889,96,641,248,16,80,889,96,0.27,0.91,0.91,0.876712328767123,0.876712328767123
"user0679","social","male","yes",0.75,0.5,0.67,0.89,0.67,120,4,120,0,4,0,120,4,0.09,0.64,0.95,0.604395604395604,0.945054945054945
"user0680","social","male","yes",0.58,0.75,0.67,0.83,0.67,8406,697,6121,2285,167,530,8406,697,0.73,1,0.96,1,0.851851851851852
"user0683","social","female","yes",0.5,0.05,0.73,0.72,0.72,0,0,0,0,0,0,0,0,0.09,0.45,0.7,0.395604395604396,0.67032967032967
"user0684","social","female","yes",0.25,0.15,0.6,0.33,0.44,8433,666,6696,1737,179,487,8433,666,0.09,0.36,0.5,0.296703296703297,0.450549450549451
"user0685","social","male","yes",0.5,0.4,0.47,0.33,0.39,0,0,0,0,0,0,0,0,0.09,0.73,0.96,0.703296703296703,0.956043956043956
"user0686","social","female","yes",0.92,0.75,0.93,0.83,0.44,1248,137,742,506,23,114,914,91,0,0.64,0.89,0.64,0.89
"user0687","social",NA,"yes",NA,NA,NA,NA,NA,0,0,0,0,0,0,0,0,NA,NA,0.34,NA,NA
"user0688","social","male","yes",0.67,0.1,0.67,0.56,0.72,0,0,0,0,0,0,0,0,0.18,0.64,0.85,0.560975609756098,0.817073170731707
"user0689","social","male","yes",0.5,0.4,0.67,0.67,0.5,0,0,0,0,0,0,0,0,0.18,0.45,0.6,0.329268292682927,0.512195121951219
"user0690","social","female","yes",0.42,0,0.67,0.5,0.5,1124,151,691,433,8,143,0,0,0.09,0.55,0.91,0.505494505494506,0.901098901098901
"user0691","social","female","yes",0.42,0.35,0.8,0.28,0.61,0,0,0,0,0,0,0,0,0.09,0.36,0.73,0.296703296703297,0.703296703296703
"user0692","social","male","yes",0.5,0.7,0.73,0.61,0.72,0,0,0,0,0,0,0,0,0.36,0.55,0.87,0.296875,0.796875
"user0693","social","female","yes",0.58,0.7,0.87,0.89,0.83,0,0,0,0,0,0,0,0,0.27,NA,0.77,NA,0.684931506849315
"user0694","social","female","no",0.67,0.7,0.67,0.78,0.28,69,3,69,0,3,0,69,3,0,NA,-1,NA,NA
"user0695","social","female","yes",0.33,1,0.73,0.5,0.5,2657,223,2254,403,42,181,0,0,0,0.09,0.85,0.09,0.85
"user0696","social","male","yes",0.5,0.15,0.4,0.67,0.5,0,0,0,0,0,0,0,0,0.09,NA,0.51,NA,0.461538461538462
"user0697","social","male","yes",0.5,0.7,0.4,0.33,0.61,0,0,0,0,0,0,0,0,0.18,0.18,0.56,0,0.463414634146341
"user0698","social","male","yes",0.42,0.5,0.47,0.44,0.5,1372,239,1134,238,64,175,1372,239,0.27,NA,0.53,NA,0.356164383561644
"user0699","social","male","no",0.42,0.5,0.53,0.5,0.72,0,0,0,0,0,0,0,0,0.09,NA,-1,NA,NA
"user0700","social","male","yes",0.5,0.65,0.67,0.56,0.5,357,127,0,357,0,127,357,127,0,0.36,0.63,0.36,0.63
"user0701","social","female","yes",0.75,0.5,1,0.89,0.72,1410,105,795,615,14,91,1142,103,0.09,0.36,0.91,0.296703296703297,0.901098901098901
"user0702","social","male","no",0.42,0.5,0.53,0.67,0.67,0,0,0,0,0,0,0,0,0.09,NA,-1,NA,NA
"user0703","social","male","yes",0.5,0.65,0.8,0.78,0.72,2106,411,774,1332,27,384,2106,411,0.09,NA,0.67,NA,0.637362637362637
"user0704","social","male","yes",0.42,0.65,0.73,0.72,0.33,0,0,0,0,0,0,0,0,0.27,NA,0.55,NA,0.383561643835616
"user0705","social","male","yes",0.5,0.75,0.73,0.44,0.28,26,9,9,17,1,8,0,0,0.36,NA,0.6,NA,0.375
"user0706","social","male","no",0.67,0.75,0.67,0.67,0.67,0,0,0,0,0,0,0,0,0.73,NA,-1,NA,NA
"user0707","social","female","yes",0.67,0.25,0.8,0.61,0.44,3170,161,2724,446,59,102,3170,161,0.09,0,0.47,-0.0989010989010989,0.417582417582418
"user0708","social","male","no",0.67,0.75,0.8,0.83,0.5,0,0,0,0,0,0,0,0,0.36,NA,-1,NA,NA
"user0709","social","male","yes",0.67,0.65,0.73,0.56,0.44,0,0,0,0,0,0,0,0,0.36,NA,0.46,NA,0.15625
"user0710","social","female","yes",0.67,0.6,0.87,0.78,0.83,1604,277,1175,429,27,250,0,0,0.18,0.45,0.86,0.329268292682927,0.829268292682927
"user0711","social",NA,"no",NA,NA,NA,NA,NA,0,0,0,0,0,0,0,0,NA,NA,-1,NA,NA
"user0715","social",NA,"yes",NA,NA,NA,NA,NA,0,0,0,0,0,0,0,0,NA,NA,0.41,NA,NA
"user0752","social","female","yes",0.67,0.65,0.93,0.83,0.83,0,0,0,0,0,0,0,0,0.18,0.55,0.89,0.451219512195122,0.865853658536585
"user0753","social","male","yes",0.58,0.55,0.87,0.67,0,657,84,551,106,16,68,657,84,0.09,0.64,0.91,0.604395604395604,0.901098901098901
"user0754","social","male","no",0.5,0.65,0.53,0.67,0.5,5617,970,3935,1682,247,723,5497,878,0.18,0.18,-1,0,NA
"user0755","social","male","yes",0.33,0,0.67,0.5,0.5,0,0,0,0,0,0,0,0,0.18,NA,0.5,NA,0.390243902439024
"user0756","social","female","yes",0.5,0.6,0.67,0.61,0.72,0,0,0,0,0,0,0,0,0.09,0.36,0.79,0.296703296703297,0.769230769230769
"user0757","social","male","yes",0.67,0.5,0.87,0.67,0.56,0,0,0,0,0,0,0,0,0,NA,0.86,NA,0.86
"user0758","social","male","yes",0.5,0.6,0.67,0.5,0,2152,52,2091,61,37,15,2005,50,0.55,1,1,1,1
"user0759","social","male","yes",0.58,0.5,0.67,0.67,0.67,404,41,277,127,8,33,404,41,0.18,0.55,0.83,0.451219512195122,0.792682926829268
"user0760","social","male","yes",0.67,0.45,0.73,0.89,0.67,7587,859,5860,1727,140,719,1819,232,0.09,0.91,0.97,0.901098901098901,0.967032967032967
"user0761","social","male","yes",0.92,1,0.8,1,1,5053,786,2566,2487,67,719,5053,786,0.82,0.91,0.94,0.5,0.666666666666666
"user0762","social","male","yes",0.83,0.7,0.67,0.83,0.56,3311,378,2801,510,65,313,1630,189,0.27,1,0.9,1,0.863013698630137
"user0763","social","female","yes",0.58,0.5,0.6,0.83,0.61,0,0,0,0,0,0,0,0,0.09,0.64,0.86,0.604395604395604,0.846153846153846
"user0764","social","male","yes",0.5,0.45,0.6,0.56,0.44,0,0,0,0,0,0,0,0,0.18,0.91,0.98,0.890243902439024,0.975609756097561
"user0765","social","male","yes",0.33,0.4,0.6,0.5,0,0,0,0,0,0,0,0,0,0.09,0.45,0.82,0.395604395604396,0.802197802197802
"user0766","social","male","yes",1,0.9,0.8,0.83,0.56,0,0,0,0,0,0,0,0,0.55,NA,0.9,NA,0.777777777777778
"user0767","social","male","yes",0.67,0.75,1,0.83,0.94,1400,173,986,414,27,146,1252,162,0.73,0.91,0.79,0.666666666666667,0.222222222222222
"user0768","social","male","yes",0.33,0.5,0.67,0.67,0.61,6178,137,5879,299,88,49,6178,137,0.09,NA,0.6,NA,0.56043956043956
"user0769","social","male","yes",0.67,0.45,0.93,0.89,0.83,972,106,795,177,33,73,972,106,0.09,0.73,0.85,0.703296703296703,0.835164835164835
"user0770","social","male","yes",0.17,0.25,0.33,0.28,0.22,0,0,0,0,0,0,0,0,0.09,0,0.66,-0.0989010989010989,0.626373626373626
"user0771","social","male","no",0.58,0.6,0.8,0.56,0.83,1394,189,1111,283,23,166,1394,189,0,NA,-1,NA,NA
"user0772","social","male","yes",0.92,0.9,1,1,0.61,4393,322,3663,730,80,242,4393,322,0.45,0.82,0.9,0.672727272727273,0.818181818181818
"user0773","social","female","yes",0.67,0.75,0.6,0.72,0.83,1384,105,853,531,17,88,1384,105,0.36,0.64,0.88,0.4375,0.8125
"user0774","social","male","no",0.58,0.35,0.67,0.83,0.78,0,0,0,0,0,0,0,0,0.64,NA,-1,NA,NA
"user0775","social","male","no",0.75,0.3,0.87,0.89,0.22,1165,60,969,196,23,37,1165,60,0.18,NA,-1,NA,NA
"user0776","social","male","yes",0.67,0.75,0.67,0.83,0.78,0,0,0,0,0,0,0,0,0.18,0.91,0.88,0.890243902439024,0.853658536585366
"user0777","social","female","yes",0.58,0.2,0.67,0.67,0.44,0,0,0,0,0,0,0,0,0.09,0.64,0.89,0.604395604395604,0.879120879120879
"user0778","social","female","yes",0.33,0.45,0.53,0.61,0.5,2275,408,1174,1101,41,367,2275,408,0.09,NA,0.31,NA,0.241758241758242
"user0779","social","male","yes",0.5,0.6,0.8,0.94,0.78,0,0,0,0,0,0,0,0,0.36,0.55,0.79,0.296875,0.671875
"user0780","social",NA,"no",NA,NA,NA,NA,NA,0,0,0,0,0,0,0,0,0.09,NA,-1,NA,NA
"user0781","social","female","yes",0.5,0.45,0.6,0.67,0.44,205,10,205,0,10,0,205,10,0.27,0,0.66,-0.36986301369863,0.534246575342466
"user0782","social","male","yes",0.58,0.1,0.67,0.67,0.67,0,0,0,0,0,0,0,0,0.09,0.64,0.77,0.604395604395604,0.747252747252747
"user0783","social","male","yes",0.42,0.1,0.8,0.78,0.56,0,0,0,0,0,0,0,0,0.18,0.55,0.8,0.451219512195122,0.75609756097561
"user0784","social","male","yes",0.58,0.65,0.67,0.72,0.67,0,0,0,0,0,0,0,0,0.18,1,0.92,1,0.902439024390244
"user0785","social","male","yes",0.42,0.15,0.53,0.39,0.56,0,0,0,0,0,0,0,0,0.09,0.82,0.94,0.802197802197802,0.934065934065934
"user0786","social","female","yes",0.5,0.1,0.53,0.78,0.44,0,0,0,0,0,0,0,0,0.09,0.36,0.68,0.296703296703297,0.648351648351648
"user0787","social","male","yes",1,0.65,0.73,0.67,0.67,88,4,88,0,4,0,88,4,0.09,0.82,0.93,0.802197802197802,0.923076923076923
"user0788","social","male","no",0.5,0.3,0.6,0.44,0.22,3448,164,2171,1277,49,115,3448,164,0.09,NA,-1,NA,NA
"user0789","social","male","no",0.33,0.25,0.8,0.5,0.67,0,0,0,0,0,0,0,0,0.09,NA,-1,NA,NA
"user0790","social","female","yes",0.5,0.35,0.67,0.61,0.5,3863,327,2761,1102,55,272,0,0,0.18,0.45,0.65,0.329268292682927,0.573170731707317
"user0791","social","male","yes",0.5,0.65,0.47,0.5,0.56,6494,876,4608,1886,203,673,0,0,0.09,0.73,0.69,0.703296703296703,0.659340659340659
"user0792","social","male","yes",0.25,0.3,0.6,0.83,1,1387,125,1091,296,39,86,1387,125,0.09,0.64,0.87,0.604395604395604,0.857142857142857
"user0793","social","male","yes",0.67,0.55,0.87,0.89,0.5,0,0,0,0,0,0,0,0,0,0.91,0.63,0.91,0.63
"user0794","social","male","no",0.75,0.5,0.8,0.94,0.67,728,96,543,185,17,79,728,96,0.09,NA,-1,NA,NA
"user0795","social","male","yes",0.67,0.65,0.73,0.83,0.56,0,0,0,0,0,0,0,0,0.18,NA,0.79,NA,0.74390243902439
"user0796","social","male","yes",0.5,0.45,0.53,0.89,0.72,1538,106,1243,295,22,84,1538,106,0.18,NA,0.52,NA,0.414634146341463
"user0797","social","female","yes",0.58,0.35,0.67,0.67,0.44,2305,383,786,1519,18,365,0,0,0.18,0.82,0.89,0.780487804878049,0.865853658536585
"user0798","social","male","yes",0.92,0.85,0.93,0.83,0.72,2705,73,2519,186,43,30,2267,69,0.09,0.45,0.92,0.395604395604396,0.912087912087912
"user0799","social","male","yes",0.5,0.35,0.73,0.61,0.17,0,0,0,0,0,0,0,0,0.09,0.82,0.91,0.802197802197802,0.901098901098901
"user0800","social","female","yes",0.5,0.5,0.53,0.61,0.67,2470,136,1170,1300,21,115,2470,136,0.27,NA,0.89,NA,0.849315068493151
"user0801","social","male","yes",0.67,0.65,0.67,0.56,0.28,0,0,0,0,0,0,0,0,0.09,NA,0.86,NA,0.846153846153846
"user0802","social","female","no",0.5,0.6,0.87,0.61,0.11,34,2,34,0,2,0,34,2,0.64,NA,-1,NA,NA
"user0803","social","male","yes",0.42,0.45,0.67,0.5,0.22,1048,381,330,718,13,368,0,0,0.09,0.45,0.25,0.395604395604396,0.175824175824176
"user0804","social","female","yes",0.25,0,0.13,0.72,0.5,0,0,0,0,0,0,0,0,0.18,0.36,0.6,0.219512195121951,0.512195121951219
"user0805","social","male","yes",0.5,0.5,0.87,0.67,0.72,0,0,0,0,0,0,0,0,0.09,NA,0.45,NA,0.395604395604396
"user0806","social","male","yes",0.42,0.7,0.67,0.72,0.33,0,0,0,0,0,0,0,0,0.27,1,0.67,1,0.547945205479452
"user0807","social","female","yes",0.58,0.05,0.73,0.67,0.67,852,101,518,334,14,87,852,101,0.09,0.55,0.91,0.505494505494506,0.901098901098901
"user0808","social","male","yes",0.42,0.55,0.67,0.61,0.61,1910,352,1159,751,28,324,1910,352,0.36,NA,0.88,NA,0.8125
"user0809","social",NA,"no",NA,NA,NA,NA,NA,0,0,0,0,0,0,0,0,NA,NA,-1,NA,NA
"user0810","social","male","yes",0.67,0.15,0.53,0.61,0.67,0,0,0,0,0,0,0,0,0.18,0.91,0.92,0.890243902439024,0.902439024390244
"user0811","social","male","yes",0.25,0.45,0.53,0.5,0.44,0,0,0,0,0,0,0,0,0.09,NA,0.89,NA,0.879120879120879
"user0812","social","male","yes",0.42,0.35,0.67,0.44,0.39,164,5,162,2,4,1,0,0,0,0.64,0.88,0.64,0.88
"user0813","social","male","yes",0.58,0.55,0.8,0.72,0.61,0,0,0,0,0,0,0,0,0.18,NA,0.9,NA,0.878048780487805
"user0814","social","male","yes",0.58,0.65,0.67,0.78,0.72,0,0,0,0,0,0,0,0,0.09,0.18,0.65,0.0989010989010989,0.615384615384615
"user0815","social","female","yes",0.67,0.3,0.6,0.5,0.39,648,46,553,95,20,26,0,0,0.09,0.73,0.94,0.703296703296703,0.934065934065934
"user0816","social","female","yes",0.67,0.65,0.67,0.83,0.67,0,0,0,0,0,0,0,0,0.18,NA,0.66,NA,0.585365853658537
"user0817","social","male","yes",0.58,0.65,0.6,0.78,0.78,9428,776,6909,2519,156,620,0,0,0.18,0.73,0.76,0.670731707317073,0.707317073170732
"user0818","social","male","yes",0.33,0.35,0.47,0.22,0.5,10801,819,9025,1776,153,666,0,0,0.55,NA,0.83,NA,0.622222222222222
"user0819","social","male","yes",0.67,0.5,0.67,0.83,0.83,1450,376,593,857,13,363,0,0,0.18,0.82,0.83,0.780487804878049,0.792682926829268
"user0820","social","male","no",0.58,0.25,0.53,0.5,0.5,0,0,0,0,0,0,0,0,0.09,NA,-1,NA,NA
"user0821","social","female","yes",0.75,0.5,0.73,0.94,0.67,1562,83,1267,295,31,52,723,53,0.27,0.82,0.94,0.753424657534246,0.917808219178082
"user0822","social","male","no",0.67,0.5,0.53,0.5,0.5,0,0,0,0,0,0,0,0,0.09,NA,-1,NA,NA
"user0823","social","male","no",0.33,0.25,0.6,0.78,0.56,0,0,0,0,0,0,0,0,0,NA,-1,NA,NA
"user0824","social","male","yes",0.58,0.25,0.47,0.5,0,3812,585,2328,1484,76,509,3812,585,0,0.82,0.94,0.82,0.94
"user0825","social","female","yes",0.33,0.2,0.6,0.5,0.61,2850,340,2284,566,79,261,150,5,0.09,0.45,0.95,0.395604395604396,0.945054945054945
"user0826","social","male","yes",0.58,0.6,0.67,0.72,0.5,0,0,0,0,0,0,0,0,0.45,0.36,0.94,-0.163636363636364,0.890909090909091
"user0827","social","male","yes",0.75,0.6,0.67,0.72,0.67,839,112,652,187,24,88,0,0,0.18,0.27,0.82,0.109756097560976,0.780487804878049
"user0828","social","male","yes",0.5,0.35,1,0.56,0.67,1033,112,799,234,13,99,983,89,0.09,0.55,0.87,0.505494505494506,0.857142857142857
"user0829","social","male","yes",0.58,0.2,0.6,0.67,0.67,0,0,0,0,0,0,0,0,0.09,1,0.95,1,0.945054945054945
"user0830","social",NA,"no",NA,NA,NA,NA,NA,0,0,0,0,0,0,0,0,NA,NA,-1,NA,NA
"user0831","social","male","yes",0.58,0.2,1,0.67,1,0,0,0,0,0,0,0,0,0.27,0.64,0.88,0.506849315068493,0.835616438356164
"user0832","social","male","no",0.75,0.8,1,0.83,0.67,4138,730,2924,1214,106,624,0,0,0.91,NA,-1,NA,NA
"user0833","social","male","yes",0.5,1,0.67,1,1,0,0,0,0,0,0,0,0,0.09,NA,0.47,NA,0.417582417582418
"user0834","social","male","no",0.5,0.5,0.67,0.61,0.61,0,0,0,0,0,0,0,0,0,NA,-1,NA,NA
"user0835","social","female","yes",0.5,0.15,0.93,0.56,0.33,0,0,0,0,0,0,0,0,0.09,NA,0.51,NA,0.461538461538462
"user0836","social",NA,"yes",NA,NA,NA,NA,NA,0,0,0,0,0,0,0,0,NA,NA,0.81,NA,NA
"user0837","social",NA,"no",NA,NA,NA,NA,NA,0,0,0,0,0,0,0,0,NA,NA,-1,NA,NA
"user0838","social",NA,"yes",NA,NA,NA,NA,NA,5071,145,4370,701,53,92,660,38,NA,0.55,0.84,NA,NA
"user0840","social",NA,"yes",NA,NA,NA,NA,NA,0,0,0,0,0,0,0,0,NA,NA,0.55,NA,NA
"user0877","social","male","yes",0.5,0.5,0.6,0.28,0.5,0,0,0,0,0,0,0,0,0.09,0.45,0.57,0.395604395604396,0.527472527472527
"user0878","social","male","yes",0.58,0.6,0.67,0.83,0.67,2948,425,2084,864,81,344,0,0,0.27,0.73,0.93,0.63013698630137,0.904109589041096
"user0879","social","male","yes",0.67,0.4,0.6,0.83,0.44,0,0,0,0,0,0,0,0,0.18,0.82,0.99,0.780487804878049,0.98780487804878
"user0880","social","male","yes",0.5,0.65,0.53,0.56,0.61,6080,766,4995,1085,157,609,0,0,0.36,0.45,0.71,0.140625,0.546875
"user0881","social","male","yes",0.5,0.55,0.6,0.5,0.83,0,0,0,0,0,0,0,0,0,NA,0.68,NA,0.68
"user0882","social","male","yes",0.83,0.65,0.6,1,1,7060,272,6537,523,151,121,0,0,0.18,0.73,1,0.670731707317073,1
"user0883","social","male","yes",0.75,0.75,0.73,0.89,0.89,3072,44,3072,0,44,0,256,7,0.09,0.64,0.97,0.604395604395604,0.967032967032967
"user0884","social","male","yes",0.58,0.55,0.73,0.5,0.56,1553,238,1170,383,32,206,44,1,0,0.36,0.84,0.36,0.84
"user0885","social","male","yes",0.58,0.3,0.67,0.78,0.67,783,93,626,157,13,80,783,93,0.27,0.45,0.7,0.246575342465753,0.589041095890411
"user0886","social","male","yes",0.58,0.65,0.67,0.89,0.56,0,0,0,0,0,0,0,0,0.09,NA,0.65,NA,0.615384615384615
"user0887","social","male","yes",0.67,0.8,0.93,0.67,0.78,0,0,0,0,0,0,0,0,0.27,NA,0.91,NA,0.876712328767123
"user0888","social","male","no",0.5,0.5,0.67,0.39,0.56,753,125,526,227,30,95,753,125,0.18,NA,-1,NA,NA
"user0889","social","male","yes",0.58,0.15,0.67,0.5,0.28,0,0,0,0,0,0,0,0,0.09,0.27,0.64,0.197802197802198,0.604395604395604
"user0890","social","male","yes",0.83,0.4,0.93,0.83,1,734,98,561,173,16,82,0,0,0.18,0.45,0.64,0.329268292682927,0.560975609756098
"user0891","social","male","yes",0.67,0.65,0.73,1,0.67,494,102,361,133,19,83,0,0,0.09,0.45,0.93,0.395604395604396,0.923076923076923
"user0892","social","male","yes",0.5,0.45,0.8,0.61,0.56,20118,1209,14815,5303,367,842,18459,1046,0.09,0.64,0.54,0.604395604395604,0.494505494505495
"user0893","social","male","yes",0.67,0.05,1,0.28,0.39,0,0,0,0,0,0,0,0,0.09,0.09,0.64,0,0.604395604395604
"user0894","social","male","no",0.5,0.15,0.67,0.78,0,0,0,0,0,0,0,0,0,0,NA,-1,NA,NA
"user0895","social","male","yes",0.5,0.3,0.67,0.72,0.83,0,0,0,0,0,0,0,0,0.09,0.36,0.96,0.296703296703297,0.956043956043956
"user0896","social","female","yes",0.83,0.9,0.87,0.89,0.83,3155,460,1781,1374,41,419,3155,460,0.09,NA,0.87,NA,0.857142857142857
"user0897","social","male","yes",0.58,0.2,0.67,0.5,0.5,390,86,234,156,7,79,0,0,0.09,0.45,0.9,0.395604395604396,0.89010989010989
"user0898","social","male","yes",0.83,0.7,0.93,0.78,0.72,1549,271,863,686,25,246,0,0,0.18,0.45,0.39,0.329268292682927,0.25609756097561
"user0899","social","female","yes",0.83,0.75,0.93,0.83,0.56,10630,626,6667,3963,81,545,10630,626,0.27,0.91,0.9,0.876712328767123,0.863013698630137
"user0900","social","male","yes",0.75,0.85,0.87,0.83,0.78,1275,260,852,423,38,222,1214,256,0.91,0.91,0.89,0,-0.222222222222222
"user0901","social","male","no",0.33,0.1,0.6,0.72,0.28,0,0,0,0,0,0,0,0,0.09,NA,-1,NA,NA
"user0902","social","female","yes",0.58,0.5,0.6,0.78,0.78,4905,624,3547,1358,101,523,4905,624,0.18,0.55,0.53,0.451219512195122,0.426829268292683
"user0903","social","male","yes",0.83,0.6,1,0.83,0.83,0,0,0,0,0,0,0,0,0.09,NA,0.77,NA,0.747252747252747
"user0904","social","male","yes",0.58,0.7,0.67,0.56,0.67,1945,28,1935,10,27,1,0,0,0.27,NA,0.81,NA,0.73972602739726
"user0905","social","male","yes",0.42,0.55,0.6,0.61,0.17,0,0,0,0,0,0,0,0,0.27,NA,0.86,NA,0.808219178082192
"user0906","social","male","yes",0.5,0.7,0.6,0.5,0.72,0,0,0,0,0,0,0,0,0.18,0.09,0.69,-0.109756097560976,0.621951219512195
"user0907","social","male","yes",0.58,0.8,0.8,0.89,0.67,0,0,0,0,0,0,0,0,0.09,1,0.95,1,0.945054945054945
"user0908","social","female","yes",0.58,0.4,0.6,0.72,0.72,0,0,0,0,0,0,0,0,0.18,0.82,0.86,0.780487804878049,0.829268292682927
"user0909","social","female","yes",0,0,0.33,0.56,0.5,549,67,386,163,21,46,530,64,0.09,NA,0.27,NA,0.197802197802198
"user0910","social","male","yes",0.58,0.35,0.67,0.72,0.61,0,0,0,0,0,0,0,0,0.27,0.73,0.95,0.63013698630137,0.931506849315068
"user0911","social","male","no",0.33,0.55,1,0.83,0.33,0,0,0,0,0,0,0,0,0.09,NA,-1,NA,NA
"user0912","social","female","yes",0.75,0.55,0.87,0.78,0.78,6209,602,4433,1776,97,505,6209,602,0.18,1,0.98,1,0.975609756097561
"user0913","social","male","no",0.75,0.65,0.93,0.78,0.78,0,0,0,0,0,0,0,0,0.18,NA,-1,NA,NA
"user0914","social","female","yes",0.67,0.7,0.87,0.94,0.83,1295,187,944,351,16,171,709,106,0.27,0.55,0.96,0.383561643835616,0.945205479452055
"user0915","social","female","yes",0.58,0.55,0.93,0.89,0.67,0,0,0,0,0,0,0,0,0.09,0.27,0.55,0.197802197802198,0.505494505494506
"user0916","social","female","yes",0.5,0.25,0.6,0.72,0.83,451,86,316,135,12,74,451,86,0,0.73,0.86,0.73,0.86
"user0918","social","male","yes",0.83,0.75,0.93,0.72,0.72,45,2,45,0,2,0,45,2,0.55,NA,0.96,NA,0.911111111111111
"user0919","social","female","no",0.17,0.25,0.2,0.22,0.33,3490,518,2545,945,78,440,3490,518,0.27,1,-1,1,NA
"user0920","social","female","yes",0.5,0.65,0.47,0.22,0.44,2685,267,2089,596,31,236,2466,266,0.09,0.64,0.89,0.604395604395604,0.879120879120879
"user0921","social","male","yes",0.67,0.9,0.87,0.67,0.61,0,0,0,0,0,0,0,0,0.45,NA,0.85,NA,0.727272727272727
"user0922","social","male","no",0.75,1,0.93,1,0.89,78,1,78,0,1,0,78,1,0.91,NA,-1,NA,NA
"user0923","social","male","yes",0.58,0.5,0.6,0.61,0.56,596,102,452,144,12,90,596,102,0,0.73,0.57,0.73,0.57
"user0924","social","male","yes",0.58,0.45,0.67,0.94,0.5,0,0,0,0,0,0,0,0,0.27,NA,0.84,NA,0.780821917808219
"user0925","social","male","yes",0.58,0.35,0.67,0.72,0.83,1814,256,1204,610,26,230,0,0,0.18,NA,0.61,NA,0.524390243902439
"user0926","social","male","yes",0.33,0.45,0.33,0.5,0.5,0,0,0,0,0,0,0,0,0.27,0.73,0.76,0.63013698630137,0.671232876712329
"user0927","social","male","yes",0.75,0.3,0.93,0.94,0.78,822,142,593,229,67,75,822,142,0,0.64,0.9,0.64,0.9
"user0928","social","female","no",0.42,0.55,0.87,0.67,0,0,0,0,0,0,0,0,0,0.09,NA,-1,NA,NA
"user0929","social","male","yes",0.5,0.6,0.6,0.67,0.5,0,0,0,0,0,0,0,0,0.18,0.36,0.78,0.219512195121951,0.731707317073171
"user0930","social","male","yes",0.58,0.65,0.73,0.56,0.56,1056,103,923,133,22,81,383,91,0.55,0.73,0.86,0.4,0.688888888888889
"user0931","social","male","yes",0.67,0.6,0.47,0.56,0.56,0,0,0,0,0,0,0,0,0.45,NA,0.92,NA,0.854545454545454
"user0932","social","female","no",0.33,0.1,0.47,0.56,0.44,0,0,0,0,0,0,0,0,0.09,NA,-1,NA,NA
"user0933","social","female","yes",0.33,0.25,0.6,0.33,0.33,0,0,0,0,0,0,0,0,0.09,0.09,0.75,0,0.725274725274725
"user0934","social","female","yes",1,1,0.93,1,1,831,113,538,293,16,97,528,56,0,0.64,0.86,0.64,0.86
"user0935","social","male","no",0.67,0.4,0.6,0.78,0.67,0,0,0,0,0,0,0,0,0.09,NA,-1,NA,NA
"user0936","social","male","yes",0.58,0.65,0.53,0.67,0.39,0,0,0,0,0,0,0,0,0,0.09,0.25,0.09,0.25
"user0937","social","male","yes",0.58,0.2,0.93,0.67,0.72,0,0,0,0,0,0,0,0,0.09,0.27,0.55,0.197802197802198,0.505494505494506
"user0938","social","male","yes",0.5,0.6,0.67,0.67,0.83,0,0,0,0,0,0,0,0,0.18,0.18,0.86,0,0.829268292682927
"user0939","social","female","yes",0.5,0.6,0.87,0.83,0.39,0,0,0,0,0,0,0,0,0.09,0.36,0.86,0.296703296703297,0.846153846153846
"user0940","social","female","yes",0.5,0.05,0.67,0.61,0.5,0,0,0,0,0,0,0,0,0.18,0.27,0.92,0.109756097560976,0.902439024390244
"user0941","social","male","no",0.5,0.25,0.6,0.5,0.5,0,0,0,0,0,0,0,0,0,NA,-1,NA,NA
"user0942","social","male","yes",0.33,0.25,0.6,0.61,0.67,14238,645,6781,7457,103,542,11420,534,0.27,0.82,0.96,0.753424657534246,0.945205479452055
"user0943","social","male","yes",0.58,0.65,0.6,0.83,0.61,0,0,0,0,0,0,0,0,0,0.36,0.58,0.36,0.58
"user0944","social","male","no",0.75,0.65,0.73,0.83,0.67,0,0,0,0,0,0,0,0,0.18,NA,-1,NA,NA
"user0945","social",NA,"no",NA,NA,NA,NA,NA,0,0,0,0,0,0,0,0,NA,NA,-1,NA,NA
"user0947","social","male","yes",0.58,0.5,0.6,0.5,0.5,0,0,0,0,0,0,0,0,0,0.45,0.9,0.45,0.9
"user0948","social","male","no",0.58,0.8,0.67,0.83,0,0,0,0,0,0,0,0,0,0.55,NA,-1,NA,NA
"user0949","social","male","no",0.58,0.35,0.8,0.72,0.28,0,0,0,0,0,0,0,0,0.09,NA,-1,NA,NA
"user0950","social","male","yes",0.58,0.6,0.67,0.61,0.67,224,96,0,224,0,96,211,90,0.27,0.45,0.9,0.246575342465753,0.863013698630137
"user0951","social","male","yes",0.42,0.7,0.8,0.61,0.5,0,0,0,0,0,0,0,0,0.45,0.36,0.58,-0.163636363636364,0.236363636363636
"user0952","social","male","no",1,0.85,1,1,1,0,0,0,0,0,0,0,0,0.64,NA,-1,NA,NA
"user0953","social","male","yes",0.5,0.1,0.67,0.56,0.56,1422,74,1316,106,37,37,474,25,0.09,0.64,0.91,0.604395604395604,0.901098901098901
"user0954","social","male","no",0.92,0.8,1,0.83,0.61,3799,55,3654,145,44,11,3799,55,0.45,NA,-1,NA,NA
"user0955","social",NA,"no",NA,NA,NA,NA,NA,0,0,0,0,0,0,0,0,NA,NA,-1,NA,NA
"user0956","social","male","yes",0.42,0.55,0.67,0.39,0.67,0,0,0,0,0,0,0,0,0.09,0.27,0.59,0.197802197802198,0.549450549450549
"user0957","social","female","yes",0.75,0.85,0.93,0.83,0.67,0,0,0,0,0,0,0,0,0.64,NA,0.97,NA,0.916666666666667
"user0958","social","female","yes",0.67,0.4,1,0.94,0.56,0,0,0,0,0,0,0,0,0.45,0.55,0.38,0.181818181818182,-0.127272727272727
"user0959","social","male","no",0.58,0.75,0.93,0.78,0.67,1632,88,947,685,32,56,1632,88,0.45,NA,-1,NA,NA
"user0960","social","male","no",0.5,0.75,0.67,0.72,0.72,0,0,0,0,0,0,0,0,0.09,NA,-1,NA,NA
"user0961","social",NA,"no",NA,NA,NA,NA,NA,0,0,0,0,0,0,0,0,NA,NA,-1,NA,NA
"user0962","social",NA,"no",NA,NA,NA,NA,NA,0,0,0,0,0,0,0,0,NA,NA,-1,NA,NA
"user0963","social",NA,"no",NA,NA,NA,NA,NA,0,0,0,0,0,0,0,0,NA,NA,-1,NA,NA
"user0964","social",NA,"yes",NA,NA,NA,NA,NA,0,0,0,0,0,0,0,0,NA,NA,0.67,NA,NA
